setPricesUnitTestMulti,oracle_1
setPricesUnitTestMulti,oracle_1
setPricesUnitTestMulti,oracle_1
setPricesUnitTestMulti,oracle_1
setPricesUnitTestMulti,oracle_1
setPricesUnitTestMulti,oracle_1
setPricesUnitTestMulti,oracle_1
setPricesUnitTestMulti,oracle_1
setPricesUnitTestMulti,oracle_1
setPricesUnitTestMulti,oracle_1
setPricesUnitTestMulti,oracle_1
setPricesUnitTestMulti,oracle_1
setPricesUnitTestMulti,oracle_1
setPricesUnitTestMulti,oracle_1
setPricesUnitTestMulti,oracle_1
setPricesUnitTestMulti,oracle_1
setPricesUnitTestMulti,oracle_1
setPricesUnitTestMulti,oracle_1
setPricesUnitTestMulti,oracle_1
setPricesUnitTestMulti,oracle_1
setPricesUnitTestMulti,oracle_1
setPricesUnitTestMulti,oracle_1
setPricesUnitTestMulti,oracle_1
jokrhub,oracle_1
jokrhub,oracle_1
jokrhub,oracle_1
jokrhub,oracle_1
jokrhub,oracle_1
jokrhub,oracle_1
jokrhub,oracle_1
jokrhub,oracle_1
jokrhub,oracle_1
jokrhub,oracle_1
jokrhub,oracle_1
jokrhub,oracle_1
jokrhub,oracle_1
jokrhub,oracle_1
jokrhub,oracle_1
jokrhub,oracle_1
jokrhub,oracle_1
jokrhub,oracle_1
jokrhub,oracle_1
jokrhub,oracle_1
jokrhub,oracle_1
jokrhub,oracle_1
jokrhub,oracle_1
setPricesUnitTestMulti,oracle_1
setPricesUnitTestMulti,oracle_1
setPricesUnitTestMulti,oracle_1
setPricesUnitTestMulti,oracle_1
setPricesUnitTestMulti,oracle_1
setPricesUnitTestMulti,oracle_1
setPricesUnitTestMulti,oracle_1
setPricesUnitTestMulti,oracle_1
setPricesUnitTestMulti,oracle_1
setPricesUnitTestMulti,oracle_1
setPricesUnitTestMulti,oracle_1
setPricesUnitTestMulti,oracle_1
setPricesUnitTestMulti,oracle_1
setPricesUnitTestMulti,oracle_1
setPricesUnitTestMulti,oracle_1
setPricesUnitTestMulti,oracle_1
setPricesUnitTestMulti,oracle_1
setPricesUnitTestMulti,oracle_1
setPricesUnitTestMulti,oracle_1
setPricesUnitTestMulti,oracle_1
setPricesUnitTestMulti,oracle_1
setPricesUnitTestMulti,oracle_1
setPricesUnitTestMulti,oracle_1
setPricesUnitTestMulti,oracle_1
setPricesUnitTestMulti,oracle_1
setPricesUnitTestMulti,oracle_1
setPricesUnitTestMulti,oracle_1
setPricesUnitTestMulti,oracle_1
setPricesUnitTestMulti,oracle_1
setPricesUnitTestMulti,oracle_1
setPricesUnitTestMulti,oracle_1
setPricesUnitTestMulti,oracle_1
setPricesUnitTestMulti,oracle_1
setPricesUnitTestMulti,oracle_1
setPricesUnitTestMulti,oracle_1
setPricesUnitTestMulti,oracle_1
setPricesUnitTestMulti,oracle_1
setPricesUnitTestMulti,oracle_1
setPricesUnitTestMulti,oracle_1
setPricesUnitTestMulti,oracle_1
setPricesUnitTestMulti,oracle_1
setPricesUnitTestMulti,oracle_1
setPricesUnitTestMulti,oracle_1
setPricesUnitTestMulti,oracle_1
setPricesUnitTestMulti,oracle_1
setPricesUnitTestMulti,oracle_1
setPricesUnitTestMulti,oracle_1
setPricesUnitTestMulti,oracle_1
setPricesUnitTestMulti,oracle_1
setPricesUnitTestMulti,oracle_1
setPricesUnitTestMulti,oracle_1
setPricesUnitTestMulti,oracle_1
setPricesUnitTestMulti,oracle_1
setPricesUnitTestMulti,oracle_1
setPricesUnitTestMulti,oracle_1
setPricesUnitTestMulti,oracle_1
setPricesUnitTestMulti,oracle_1
setPricesUnitTestMulti,oracle_1
setPricesUnitTestMulti,oracle_1
setPricesUnitTestMulti,oracle_1
setPricesUnitTestMulti,oracle_1
setPricesUnitTestMulti,oracle_1
setPricesUnitTestMulti,oracle_1
setPricesUnitTestMulti,oracle_1
setPricesUnitTestMulti,oracle_1
setPricesUnitTestMulti,oracle_1
setPricesUnitTestMulti,oracle_1
setPricesUnitTestMulti,oracle_1
setPricesUnitTestMulti,oracle_1
Aggregated,oracle
Aggregated,oracle
Aggregated,oracle
Aggregated,oracle
Aggregated,oracle
Aggregated,oracle
Aggregated,oracle
Aggregated,oracle
setPricesVerifyShouldRevert,oracle_0_rerun
setPricesUnitTest,oracle_0_rerun
setPricesUnitTest,oracle_0_rerun
setPricesUnitTest,oracle_0_rerun
setPricesUnitTest,oracle_0_rerun
setPricesUnitTest,oracle_0_rerun
setPricesUnitTest,oracle_0_rerun
setPricesUnitTest,oracle_0_rerun
setPricesUnitTest,oracle_0_rerun
setPricesUnitTest,oracle_0_rerun
setPricesUnitTest,oracle_0_rerun
setPricesUnitTest,oracle_0_rerun
setPricesUnitTest,oracle_0_rerun
setPricesUnitTest,oracle_0_rerun
setPricesUnitTest,oracle_0_rerun
setPricesUnitTest,oracle_0_rerun
setPricesUnitTest,oracle_0_rerun
validatePricesUnitTest,oracle_0_rerun
validatePricesUnitTest,oracle_0_rerun
validatePricesUnitTest,oracle_0_rerun
validatePricesUnitTest,oracle_0_rerun
validatePricesUnitTest,oracle_0_rerun
validatePricesUnitTest,oracle_0_rerun
validatePricesUnitTest,oracle_0_rerun
validatePricesUnitTest,oracle_0_rerun
validatePricesUnitTest,oracle_0_rerun
validatePricesUnitTest,oracle_0_rerun
validatePricesUnitTest,oracle_0_rerun
validatePricesUnitTest,oracle_0_rerun
validatePricesUnitTest,oracle_0_rerun
validatePricesUnitTest,oracle_0_rerun
validatePricesUnitTest,oracle_0_rerun
validatePricesUnitTest,oracle_0_rerun
setPricesShouldRevert,oracle_0_rerun
setPricesShouldRevert,oracle_0_rerun
setPricesShouldRevert,oracle_0_rerun
setPricesShouldRevert,oracle_0_rerun
setPricesShouldRevert,oracle_0_rerun
setPricesShouldRevert,oracle_0_rerun
setPricesShouldRevert,oracle_0_rerun
setPricesShouldRevert,oracle_0_rerun
setPricesShouldRevert,oracle_0_rerun
setPricesShouldRevert,oracle_0_rerun
setPricesShouldRevert,oracle_0_rerun
setPricesShouldRevert,oracle_0_rerun
setPricesShouldRevert,oracle_0_rerun
setPricesShouldRevert,oracle_0_rerun
setPricesShouldRevert,oracle_0_rerun
setPricesShouldRevert,oracle_0_rerun
validateRefPriceShouldRevert,oracle_0_rerun
validateRefPriceShouldRevert,oracle_0_rerun
validateRefPriceShouldRevert,oracle_0_rerun
validateRefPriceShouldRevert,oracle_0_rerun
validateRefPriceShouldRevert,oracle_0_rerun
validateRefPriceShouldRevert,oracle_0_rerun
validateRefPriceShouldRevert,oracle_0_rerun
validateRefPriceShouldRevert,oracle_0_rerun
validateRefPriceShouldRevert,oracle_0_rerun
validateRefPriceShouldRevert,oracle_0_rerun
validateRefPriceShouldRevert,oracle_0_rerun
validateRefPriceShouldRevert,oracle_0_rerun
validateRefPriceShouldRevert,oracle_0_rerun
validateRefPriceShouldRevert,oracle_0_rerun
validateRefPriceShouldRevert,oracle_0_rerun
validateRefPriceShouldRevert,oracle_0_rerun
sanity_satisfy,oracle_0_rerun
sanity_satisfy,oracle_0_rerun
sanity_satisfy,oracle_0_rerun
sanity_satisfy,oracle_0_rerun
sanity_satisfy,oracle_0_rerun
sanity_satisfy,oracle_0_rerun
sanity_satisfy,oracle_0_rerun
sanity_satisfy,oracle_0_rerun
sanity_satisfy,oracle_0_rerun
sanity_satisfy,oracle_0_rerun
sanity_satisfy,oracle_0_rerun
sanity_satisfy,oracle_0_rerun
sanity_satisfy,oracle_0_rerun
sanity_satisfy,oracle_0_rerun
sanity_satisfy,oracle_0_rerun
sanity_satisfy,oracle_0_rerun
setPricesVerify,oracle_0_rerun
setPricesVerify,oracle_0_rerun
setPricesVerify,oracle_0_rerun
setPricesVerify,oracle_0_rerun
setPricesVerify,oracle_0_rerun
setPricesVerify,oracle_0_rerun
setPricesVerify,oracle_0_rerun
setPricesVerify,oracle_0_rerun
setPricesVerify,oracle_0_rerun
setPricesVerify,oracle_0_rerun
setPricesVerify,oracle_0_rerun
setPricesVerify,oracle_0_rerun
setPricesVerify,oracle_0_rerun
setPricesVerify,oracle_0_rerun
setPricesVerify,oracle_0_rerun
setPricesVerify,oracle_0_rerun
setPricesUnitTestMulti,oracle_0_rerun
setPricesUnitTestMulti,oracle_0_rerun
setPricesUnitTestMulti,oracle_0_rerun
setPricesUnitTestMulti,oracle_0_rerun
setPricesUnitTestMulti,oracle_0_rerun
setPricesUnitTestMulti,oracle_0_rerun
setPricesUnitTestMulti,oracle_0_rerun
setPricesUnitTestMulti,oracle_0_rerun
setPricesUnitTestMulti,oracle_0_rerun
setPricesUnitTestMulti,oracle_0_rerun
setPricesUnitTestMulti,oracle_0_rerun
setPricesUnitTestMulti,oracle_0_rerun
setPricesUnitTestMulti,oracle_0_rerun
setPricesUnitTestMulti,oracle_0_rerun
setPricesUnitTestMulti,oracle_0_rerun
setPricesUnitTestMulti,oracle_0_rerun
Aggregated,oracle
Aggregated,oracle
Aggregated,oracle
Aggregated,oracle
Aggregated,oracle
Aggregated,oracle
Aggregated,oracle
Aggregated,oracle
Aggregated,oracle
Aggregated,oracle
Aggregated,oracle
Aggregated,oracle
Aggregated,oracle
Aggregated,oracle
Aggregated,oracle
Aggregated,oracle
setPricesVerifyShouldRevert,oracle_0_rerun
setPricesUnitTest,oracle_0_rerun
setPricesUnitTest,oracle_0_rerun
setPricesUnitTest,oracle_0_rerun
setPricesUnitTest,oracle_0_rerun
setPricesUnitTest,oracle_0_rerun
setPricesUnitTest,oracle_0_rerun
setPricesUnitTest,oracle_0_rerun
setPricesUnitTest,oracle_0_rerun
setPricesUnitTest,oracle_0_rerun
setPricesUnitTest,oracle_0_rerun
setPricesUnitTest,oracle_0_rerun
setPricesUnitTest,oracle_0_rerun
setPricesUnitTest,oracle_0_rerun
setPricesUnitTest,oracle_0_rerun
setPricesUnitTest,oracle_0_rerun
setPricesUnitTest,oracle_0_rerun
validatePricesUnitTest,oracle_0_rerun
validatePricesUnitTest,oracle_0_rerun
validatePricesUnitTest,oracle_0_rerun
validatePricesUnitTest,oracle_0_rerun
validatePricesUnitTest,oracle_0_rerun
validatePricesUnitTest,oracle_0_rerun
validatePricesUnitTest,oracle_0_rerun
validatePricesUnitTest,oracle_0_rerun
validatePricesUnitTest,oracle_0_rerun
validatePricesUnitTest,oracle_0_rerun
validatePricesUnitTest,oracle_0_rerun
validatePricesUnitTest,oracle_0_rerun
validatePricesUnitTest,oracle_0_rerun
validatePricesUnitTest,oracle_0_rerun
validatePricesUnitTest,oracle_0_rerun
validatePricesUnitTest,oracle_0_rerun
setPricesShouldRevert,oracle_0_rerun
setPricesShouldRevert,oracle_0_rerun
setPricesShouldRevert,oracle_0_rerun
setPricesShouldRevert,oracle_0_rerun
setPricesShouldRevert,oracle_0_rerun
setPricesShouldRevert,oracle_0_rerun
setPricesShouldRevert,oracle_0_rerun
setPricesShouldRevert,oracle_0_rerun
setPricesShouldRevert,oracle_0_rerun
setPricesShouldRevert,oracle_0_rerun
setPricesShouldRevert,oracle_0_rerun
setPricesShouldRevert,oracle_0_rerun
setPricesShouldRevert,oracle_0_rerun
setPricesShouldRevert,oracle_0_rerun
setPricesShouldRevert,oracle_0_rerun
setPricesShouldRevert,oracle_0_rerun
validateRefPriceShouldRevert,oracle_0_rerun
validateRefPriceShouldRevert,oracle_0_rerun
validateRefPriceShouldRevert,oracle_0_rerun
validateRefPriceShouldRevert,oracle_0_rerun
validateRefPriceShouldRevert,oracle_0_rerun
validateRefPriceShouldRevert,oracle_0_rerun
validateRefPriceShouldRevert,oracle_0_rerun
validateRefPriceShouldRevert,oracle_0_rerun
validateRefPriceShouldRevert,oracle_0_rerun
validateRefPriceShouldRevert,oracle_0_rerun
validateRefPriceShouldRevert,oracle_0_rerun
validateRefPriceShouldRevert,oracle_0_rerun
validateRefPriceShouldRevert,oracle_0_rerun
validateRefPriceShouldRevert,oracle_0_rerun
validateRefPriceShouldRevert,oracle_0_rerun
validateRefPriceShouldRevert,oracle_0_rerun
sanity_satisfy,oracle_0_rerun
sanity_satisfy,oracle_0_rerun
sanity_satisfy,oracle_0_rerun
sanity_satisfy,oracle_0_rerun
sanity_satisfy,oracle_0_rerun
sanity_satisfy,oracle_0_rerun
sanity_satisfy,oracle_0_rerun
sanity_satisfy,oracle_0_rerun
sanity_satisfy,oracle_0_rerun
sanity_satisfy,oracle_0_rerun
sanity_satisfy,oracle_0_rerun
sanity_satisfy,oracle_0_rerun
sanity_satisfy,oracle_0_rerun
sanity_satisfy,oracle_0_rerun
sanity_satisfy,oracle_0_rerun
sanity_satisfy,oracle_0_rerun
setPricesVerify,oracle_0_rerun
setPricesVerify,oracle_0_rerun
setPricesVerify,oracle_0_rerun
setPricesVerify,oracle_0_rerun
setPricesVerify,oracle_0_rerun
setPricesVerify,oracle_0_rerun
setPricesVerify,oracle_0_rerun
setPricesVerify,oracle_0_rerun
setPricesVerify,oracle_0_rerun
setPricesVerify,oracle_0_rerun
setPricesVerify,oracle_0_rerun
setPricesVerify,oracle_0_rerun
setPricesVerify,oracle_0_rerun
setPricesVerify,oracle_0_rerun
setPricesVerify,oracle_0_rerun
setPricesVerify,oracle_0_rerun
setPricesUnitTestMulti,oracle_0_rerun
setPricesUnitTestMulti,oracle_0_rerun
setPricesUnitTestMulti,oracle_0_rerun
setPricesUnitTestMulti,oracle_0_rerun
setPricesUnitTestMulti,oracle_0_rerun
setPricesUnitTestMulti,oracle_0_rerun
setPricesUnitTestMulti,oracle_0_rerun
setPricesUnitTestMulti,oracle_0_rerun
setPricesUnitTestMulti,oracle_0_rerun
setPricesUnitTestMulti,oracle_0_rerun
setPricesUnitTestMulti,oracle_0_rerun
setPricesUnitTestMulti,oracle_0_rerun
setPricesUnitTestMulti,oracle_0_rerun
setPricesUnitTestMulti,oracle_0_rerun
setPricesUnitTestMulti,oracle_0_rerun
setPricesUnitTestMulti,oracle_0_rerun
setPricesVerifyShouldRevert,oracle_0_rerun
setPricesUnitTest,oracle_0_rerun
setPricesUnitTest,oracle_0_rerun
setPricesUnitTest,oracle_0_rerun
setPricesUnitTest,oracle_0_rerun
setPricesUnitTest,oracle_0_rerun
setPricesUnitTest,oracle_0_rerun
setPricesUnitTest,oracle_0_rerun
setPricesUnitTest,oracle_0_rerun
setPricesUnitTest,oracle_0_rerun
setPricesUnitTest,oracle_0_rerun
setPricesUnitTest,oracle_0_rerun
setPricesUnitTest,oracle_0_rerun
setPricesUnitTest,oracle_0_rerun
setPricesUnitTest,oracle_0_rerun
setPricesUnitTest,oracle_0_rerun
setPricesUnitTest,oracle_0_rerun
validatePricesUnitTest,oracle_0_rerun
validatePricesUnitTest,oracle_0_rerun
validatePricesUnitTest,oracle_0_rerun
validatePricesUnitTest,oracle_0_rerun
validatePricesUnitTest,oracle_0_rerun
validatePricesUnitTest,oracle_0_rerun
validatePricesUnitTest,oracle_0_rerun
validatePricesUnitTest,oracle_0_rerun
validatePricesUnitTest,oracle_0_rerun
validatePricesUnitTest,oracle_0_rerun
validatePricesUnitTest,oracle_0_rerun
validatePricesUnitTest,oracle_0_rerun
validatePricesUnitTest,oracle_0_rerun
validatePricesUnitTest,oracle_0_rerun
validatePricesUnitTest,oracle_0_rerun
validatePricesUnitTest,oracle_0_rerun
setPricesShouldRevert,oracle_0_rerun
setPricesShouldRevert,oracle_0_rerun
setPricesShouldRevert,oracle_0_rerun
setPricesShouldRevert,oracle_0_rerun
setPricesShouldRevert,oracle_0_rerun
setPricesShouldRevert,oracle_0_rerun
setPricesShouldRevert,oracle_0_rerun
setPricesShouldRevert,oracle_0_rerun
setPricesShouldRevert,oracle_0_rerun
setPricesShouldRevert,oracle_0_rerun
setPricesShouldRevert,oracle_0_rerun
setPricesShouldRevert,oracle_0_rerun
setPricesShouldRevert,oracle_0_rerun
setPricesShouldRevert,oracle_0_rerun
setPricesShouldRevert,oracle_0_rerun
setPricesShouldRevert,oracle_0_rerun
validateRefPriceShouldRevert,oracle_0_rerun
validateRefPriceShouldRevert,oracle_0_rerun
validateRefPriceShouldRevert,oracle_0_rerun
validateRefPriceShouldRevert,oracle_0_rerun
validateRefPriceShouldRevert,oracle_0_rerun
validateRefPriceShouldRevert,oracle_0_rerun
validateRefPriceShouldRevert,oracle_0_rerun
validateRefPriceShouldRevert,oracle_0_rerun
validateRefPriceShouldRevert,oracle_0_rerun
validateRefPriceShouldRevert,oracle_0_rerun
validateRefPriceShouldRevert,oracle_0_rerun
validateRefPriceShouldRevert,oracle_0_rerun
validateRefPriceShouldRevert,oracle_0_rerun
validateRefPriceShouldRevert,oracle_0_rerun
validateRefPriceShouldRevert,oracle_0_rerun
validateRefPriceShouldRevert,oracle_0_rerun
sanity_satisfy,oracle_0_rerun
sanity_satisfy,oracle_0_rerun
sanity_satisfy,oracle_0_rerun
sanity_satisfy,oracle_0_rerun
sanity_satisfy,oracle_0_rerun
sanity_satisfy,oracle_0_rerun
sanity_satisfy,oracle_0_rerun
sanity_satisfy,oracle_0_rerun
sanity_satisfy,oracle_0_rerun
sanity_satisfy,oracle_0_rerun
sanity_satisfy,oracle_0_rerun
sanity_satisfy,oracle_0_rerun
sanity_satisfy,oracle_0_rerun
sanity_satisfy,oracle_0_rerun
sanity_satisfy,oracle_0_rerun
sanity_satisfy,oracle_0_rerun
setPricesVerify,oracle_0_rerun
setPricesVerify,oracle_0_rerun
setPricesVerify,oracle_0_rerun
setPricesVerify,oracle_0_rerun
setPricesVerify,oracle_0_rerun
setPricesVerify,oracle_0_rerun
setPricesVerify,oracle_0_rerun
setPricesVerify,oracle_0_rerun
setPricesVerify,oracle_0_rerun
setPricesVerify,oracle_0_rerun
setPricesVerify,oracle_0_rerun
setPricesVerify,oracle_0_rerun
setPricesVerify,oracle_0_rerun
setPricesVerify,oracle_0_rerun
setPricesVerify,oracle_0_rerun
setPricesVerify,oracle_0_rerun
setPricesUnitTestMulti,oracle_0_rerun
setPricesUnitTestMulti,oracle_0_rerun
setPricesUnitTestMulti,oracle_0_rerun
setPricesUnitTestMulti,oracle_0_rerun
setPricesUnitTestMulti,oracle_0_rerun
setPricesUnitTestMulti,oracle_0_rerun
setPricesUnitTestMulti,oracle_0_rerun
setPricesUnitTestMulti,oracle_0_rerun
setPricesUnitTestMulti,oracle_0_rerun
setPricesUnitTestMulti,oracle_0_rerun
setPricesUnitTestMulti,oracle_0_rerun
setPricesUnitTestMulti,oracle_0_rerun
setPricesUnitTestMulti,oracle_0_rerun
setPricesUnitTestMulti,oracle_0_rerun
setPricesUnitTestMulti,oracle_0_rerun
setPricesUnitTestMulti,oracle_0_rerun
Aggregated,oracle
Aggregated,oracle
Aggregated,oracle
Aggregated,oracle
Aggregated,oracle
Aggregated,oracle
Aggregated,oracle
Aggregated,oracle
Aggregated,oracle
Aggregated,oracle
Aggregated,oracle
Aggregated,oracle
Aggregated,oracle
Aggregated,oracle
Aggregated,oracle
Aggregated,oracle
setPricesVerifyShouldRevert,oracle_0_rerun
setPricesUnitTest,oracle_0_rerun
setPricesUnitTest,oracle_0_rerun
setPricesUnitTest,oracle_0_rerun
setPricesUnitTest,oracle_0_rerun
setPricesUnitTest,oracle_0_rerun
setPricesUnitTest,oracle_0_rerun
setPricesUnitTest,oracle_0_rerun
setPricesUnitTest,oracle_0_rerun
setPricesUnitTest,oracle_0_rerun
setPricesUnitTest,oracle_0_rerun
setPricesUnitTest,oracle_0_rerun
setPricesUnitTest,oracle_0_rerun
setPricesUnitTest,oracle_0_rerun
setPricesUnitTest,oracle_0_rerun
setPricesUnitTest,oracle_0_rerun
setPricesUnitTest,oracle_0_rerun
validatePricesUnitTest,oracle_0_rerun
validatePricesUnitTest,oracle_0_rerun
validatePricesUnitTest,oracle_0_rerun
validatePricesUnitTest,oracle_0_rerun
validatePricesUnitTest,oracle_0_rerun
validatePricesUnitTest,oracle_0_rerun
validatePricesUnitTest,oracle_0_rerun
validatePricesUnitTest,oracle_0_rerun
validatePricesUnitTest,oracle_0_rerun
validatePricesUnitTest,oracle_0_rerun
validatePricesUnitTest,oracle_0_rerun
validatePricesUnitTest,oracle_0_rerun
validatePricesUnitTest,oracle_0_rerun
validatePricesUnitTest,oracle_0_rerun
validatePricesUnitTest,oracle_0_rerun
validatePricesUnitTest,oracle_0_rerun
setPricesShouldRevert,oracle_0_rerun
setPricesShouldRevert,oracle_0_rerun
setPricesShouldRevert,oracle_0_rerun
setPricesShouldRevert,oracle_0_rerun
setPricesShouldRevert,oracle_0_rerun
setPricesShouldRevert,oracle_0_rerun
setPricesShouldRevert,oracle_0_rerun
setPricesShouldRevert,oracle_0_rerun
setPricesShouldRevert,oracle_0_rerun
setPricesShouldRevert,oracle_0_rerun
setPricesShouldRevert,oracle_0_rerun
setPricesShouldRevert,oracle_0_rerun
setPricesShouldRevert,oracle_0_rerun
setPricesShouldRevert,oracle_0_rerun
setPricesShouldRevert,oracle_0_rerun
setPricesShouldRevert,oracle_0_rerun
validateRefPriceShouldRevert,oracle_0_rerun
validateRefPriceShouldRevert,oracle_0_rerun
validateRefPriceShouldRevert,oracle_0_rerun
validateRefPriceShouldRevert,oracle_0_rerun
validateRefPriceShouldRevert,oracle_0_rerun
validateRefPriceShouldRevert,oracle_0_rerun
validateRefPriceShouldRevert,oracle_0_rerun
validateRefPriceShouldRevert,oracle_0_rerun
validateRefPriceShouldRevert,oracle_0_rerun
validateRefPriceShouldRevert,oracle_0_rerun
validateRefPriceShouldRevert,oracle_0_rerun
validateRefPriceShouldRevert,oracle_0_rerun
validateRefPriceShouldRevert,oracle_0_rerun
validateRefPriceShouldRevert,oracle_0_rerun
validateRefPriceShouldRevert,oracle_0_rerun
validateRefPriceShouldRevert,oracle_0_rerun
sanity_satisfy,oracle_0_rerun
sanity_satisfy,oracle_0_rerun
sanity_satisfy,oracle_0_rerun
sanity_satisfy,oracle_0_rerun
sanity_satisfy,oracle_0_rerun
sanity_satisfy,oracle_0_rerun
sanity_satisfy,oracle_0_rerun
sanity_satisfy,oracle_0_rerun
sanity_satisfy,oracle_0_rerun
sanity_satisfy,oracle_0_rerun
sanity_satisfy,oracle_0_rerun
sanity_satisfy,oracle_0_rerun
sanity_satisfy,oracle_0_rerun
sanity_satisfy,oracle_0_rerun
sanity_satisfy,oracle_0_rerun
sanity_satisfy,oracle_0_rerun
setPricesVerify,oracle_0_rerun
setPricesVerify,oracle_0_rerun
setPricesVerify,oracle_0_rerun
setPricesVerify,oracle_0_rerun
setPricesVerify,oracle_0_rerun
setPricesVerify,oracle_0_rerun
setPricesVerify,oracle_0_rerun
setPricesVerify,oracle_0_rerun
setPricesVerify,oracle_0_rerun
setPricesVerify,oracle_0_rerun
setPricesVerify,oracle_0_rerun
setPricesVerify,oracle_0_rerun
setPricesVerify,oracle_0_rerun
setPricesVerify,oracle_0_rerun
setPricesVerify,oracle_0_rerun
setPricesVerify,oracle_0_rerun
setPricesUnitTestMulti,oracle_0_rerun
setPricesUnitTestMulti,oracle_0_rerun
setPricesUnitTestMulti,oracle_0_rerun
setPricesUnitTestMulti,oracle_0_rerun
setPricesUnitTestMulti,oracle_0_rerun
setPricesUnitTestMulti,oracle_0_rerun
setPricesUnitTestMulti,oracle_0_rerun
setPricesUnitTestMulti,oracle_0_rerun
setPricesUnitTestMulti,oracle_0_rerun
setPricesUnitTestMulti,oracle_0_rerun
setPricesUnitTestMulti,oracle_0_rerun
setPricesUnitTestMulti,oracle_0_rerun
setPricesUnitTestMulti,oracle_0_rerun
setPricesUnitTestMulti,oracle_0_rerun
setPricesUnitTestMulti,oracle_0_rerun
setPricesUnitTestMulti,oracle_0_rerun
Aggregated,oracle
Aggregated,oracle
Aggregated,oracle
Aggregated,oracle
Aggregated,oracle
Aggregated,oracle
Aggregated,oracle
Aggregated,oracle
Aggregated,oracle
Aggregated,oracle
Aggregated,oracle
Aggregated,oracle
Aggregated,oracle
Aggregated,oracle
Aggregated,oracle
Aggregated,oracle
jokrhub,oracle_0_rerun
jokrhub,oracle_0_rerun
jokrhub,oracle_0_rerun
jokrhub,oracle_0_rerun
jokrhub,oracle_0_rerun
jokrhub,oracle_0_rerun
jokrhub,oracle_0_rerun
jokrhub,oracle_0_rerun
jokrhub,oracle_0_rerun
jokrhub,oracle_0_rerun
jokrhub,oracle_0_rerun
jokrhub,oracle_0_rerun
jokrhub,oracle_0_rerun
jokrhub,oracle_0_rerun
jokrhub,oracle_0_rerun
jokrhub,oracle_0_rerun
setPricesFromPriceFeedsShouldRevert,oracle_0_rerun
setPricesFromPriceFeedsShouldRevert,oracle_0_rerun
setPricesFromPriceFeedsShouldRevert,oracle_0_rerun
setPricesFromPriceFeedsShouldRevert,oracle_0_rerun
setPricesFromPriceFeedsShouldRevert,oracle_0_rerun
setPricesFromPriceFeedsShouldRevert,oracle_0_rerun
setPricesFromPriceFeedsShouldRevert,oracle_0_rerun
setPricesFromPriceFeedsShouldRevert,oracle_0_rerun
setPricesFromPriceFeedsShouldRevert,oracle_0_rerun
setPricesFromPriceFeedsShouldRevert,oracle_0_rerun
setPricesFromPriceFeedsShouldRevert,oracle_0_rerun
setPricesFromPriceFeedsShouldRevert,oracle_0_rerun
setPricesFromPriceFeedsShouldRevert,oracle_0_rerun
setPricesFromPriceFeedsShouldRevert,oracle_0_rerun
setPricesFromPriceFeedsShouldRevert,oracle_0_rerun
setPricesFromPriceFeedsShouldRevert,oracle_0_rerun
getPriceFeedPriceUnitTest,oracle_0_rerun
getPriceFeedPriceUnitTest,oracle_0_rerun
getPriceFeedPriceUnitTest,oracle_0_rerun
getPriceFeedPriceUnitTest,oracle_0_rerun
getPriceFeedPriceUnitTest,oracle_0_rerun
getPriceFeedPriceUnitTest,oracle_0_rerun
getPriceFeedPriceUnitTest,oracle_0_rerun
getPriceFeedPriceUnitTest,oracle_0_rerun
getPriceFeedPriceUnitTest,oracle_0_rerun
getPriceFeedPriceUnitTest,oracle_0_rerun
getPriceFeedPriceUnitTest,oracle_0_rerun
getPriceFeedPriceUnitTest,oracle_0_rerun
getPriceFeedPriceUnitTest,oracle_0_rerun
getPriceFeedPriceUnitTest,oracle_0_rerun
getPriceFeedPriceUnitTest,oracle_0_rerun
getPriceFeedPriceUnitTest,oracle_0_rerun
setPrimaryPriceUnitTest,oracle_0_rerun
setPrimaryPriceUnitTest,oracle_0_rerun
setPrimaryPriceUnitTest,oracle_0_rerun
setPrimaryPriceUnitTest,oracle_0_rerun
setPrimaryPriceUnitTest,oracle_0_rerun
setPrimaryPriceUnitTest,oracle_0_rerun
setPrimaryPriceUnitTest,oracle_0_rerun
setPrimaryPriceUnitTest,oracle_0_rerun
setPrimaryPriceUnitTest,oracle_0_rerun
setPrimaryPriceUnitTest,oracle_0_rerun
setPrimaryPriceUnitTest,oracle_0_rerun
setPrimaryPriceUnitTest,oracle_0_rerun
setPrimaryPriceUnitTest,oracle_0_rerun
setPrimaryPriceUnitTest,oracle_0_rerun
setPrimaryPriceUnitTest,oracle_0_rerun
setPrimaryPriceUnitTest,oracle_0_rerun
setPricesFromPriceFeedsUnitTest,oracle_0_rerun
setPricesFromPriceFeedsUnitTest,oracle_0_rerun
setPricesFromPriceFeedsUnitTest,oracle_0_rerun
setPricesFromPriceFeedsUnitTest,oracle_0_rerun
setPricesFromPriceFeedsUnitTest,oracle_0_rerun
setPricesFromPriceFeedsUnitTest,oracle_0_rerun
setPricesFromPriceFeedsUnitTest,oracle_0_rerun
setPricesFromPriceFeedsUnitTest,oracle_0_rerun
setPricesFromPriceFeedsUnitTest,oracle_0_rerun
setPricesFromPriceFeedsUnitTest,oracle_0_rerun
setPricesFromPriceFeedsUnitTest,oracle_0_rerun
setPricesFromPriceFeedsUnitTest,oracle_0_rerun
setPricesFromPriceFeedsUnitTest,oracle_0_rerun
setPricesFromPriceFeedsUnitTest,oracle_0_rerun
setPricesFromPriceFeedsUnitTest,oracle_0_rerun
setPricesFromPriceFeedsUnitTest,oracle_0_rerun
getSignersShouldRevert,oracle_0_rerun
getSignersShouldRevert,oracle_0_rerun
getSignersShouldRevert,oracle_0_rerun
getSignersShouldRevert,oracle_0_rerun
getSignersShouldRevert,oracle_0_rerun
getSignersShouldRevert,oracle_0_rerun
getSignersShouldRevert,oracle_0_rerun
getSignersShouldRevert,oracle_0_rerun
getSignersShouldRevert,oracle_0_rerun
getSignersShouldRevert,oracle_0_rerun
getSignersShouldRevert,oracle_0_rerun
getSignersShouldRevert,oracle_0_rerun
getSignersShouldRevert,oracle_0_rerun
getSignersShouldRevert,oracle_0_rerun
getSignersShouldRevert,oracle_0_rerun
getSignersShouldRevert,oracle_0_rerun
getPrimaryPriceShouldRevert,oracle_0_rerun
getPrimaryPriceShouldRevert,oracle_0_rerun
getPrimaryPriceShouldRevert,oracle_0_rerun
getPrimaryPriceShouldRevert,oracle_0_rerun
getPrimaryPriceShouldRevert,oracle_0_rerun
getPrimaryPriceShouldRevert,oracle_0_rerun
getPrimaryPriceShouldRevert,oracle_0_rerun
getPrimaryPriceShouldRevert,oracle_0_rerun
getPrimaryPriceShouldRevert,oracle_0_rerun
getPrimaryPriceShouldRevert,oracle_0_rerun
getPrimaryPriceShouldRevert,oracle_0_rerun
getPrimaryPriceShouldRevert,oracle_0_rerun
getPrimaryPriceShouldRevert,oracle_0_rerun
getPrimaryPriceShouldRevert,oracle_0_rerun
getPrimaryPriceShouldRevert,oracle_0_rerun
getPrimaryPriceShouldRevert,oracle_0_rerun
getPriceFeedMultiplierUnitTest,oracle_0_rerun
getPriceFeedMultiplierUnitTest,oracle_0_rerun
getPriceFeedMultiplierUnitTest,oracle_0_rerun
getPriceFeedMultiplierUnitTest,oracle_0_rerun
getPriceFeedMultiplierUnitTest,oracle_0_rerun
getPriceFeedMultiplierUnitTest,oracle_0_rerun
getPriceFeedMultiplierUnitTest,oracle_0_rerun
getPriceFeedMultiplierUnitTest,oracle_0_rerun
getPriceFeedMultiplierUnitTest,oracle_0_rerun
getPriceFeedMultiplierUnitTest,oracle_0_rerun
getPriceFeedMultiplierUnitTest,oracle_0_rerun
getPriceFeedMultiplierUnitTest,oracle_0_rerun
getPriceFeedMultiplierUnitTest,oracle_0_rerun
getPriceFeedMultiplierUnitTest,oracle_0_rerun
getPriceFeedMultiplierUnitTest,oracle_0_rerun
getPriceFeedMultiplierUnitTest,oracle_0_rerun
setPricesFromPriceFeedsUnitTestMulti,oracle_0_rerun
setPricesFromPriceFeedsUnitTestMulti,oracle_0_rerun
setPricesFromPriceFeedsUnitTestMulti,oracle_0_rerun
setPricesFromPriceFeedsUnitTestMulti,oracle_0_rerun
setPricesFromPriceFeedsUnitTestMulti,oracle_0_rerun
setPricesFromPriceFeedsUnitTestMulti,oracle_0_rerun
setPricesFromPriceFeedsUnitTestMulti,oracle_0_rerun
setPricesFromPriceFeedsUnitTestMulti,oracle_0_rerun
setPricesFromPriceFeedsUnitTestMulti,oracle_0_rerun
setPricesFromPriceFeedsUnitTestMulti,oracle_0_rerun
setPricesFromPriceFeedsUnitTestMulti,oracle_0_rerun
setPricesFromPriceFeedsUnitTestMulti,oracle_0_rerun
setPricesFromPriceFeedsUnitTestMulti,oracle_0_rerun
setPricesFromPriceFeedsUnitTestMulti,oracle_0_rerun
setPricesFromPriceFeedsUnitTestMulti,oracle_0_rerun
setPricesFromPriceFeedsUnitTestMulti,oracle_0_rerun
getPriceFeedPriceShouldRevert,oracle_0_rerun
getPriceFeedPriceShouldRevert,oracle_0_rerun
getPriceFeedPriceShouldRevert,oracle_0_rerun
getPriceFeedPriceShouldRevert,oracle_0_rerun
getPriceFeedPriceShouldRevert,oracle_0_rerun
getPriceFeedPriceShouldRevert,oracle_0_rerun
getPriceFeedPriceShouldRevert,oracle_0_rerun
getPriceFeedPriceShouldRevert,oracle_0_rerun
getPriceFeedPriceShouldRevert,oracle_0_rerun
getPriceFeedPriceShouldRevert,oracle_0_rerun
getPriceFeedPriceShouldRevert,oracle_0_rerun
getPriceFeedPriceShouldRevert,oracle_0_rerun
getPriceFeedPriceShouldRevert,oracle_0_rerun
getPriceFeedPriceShouldRevert,oracle_0_rerun
getPriceFeedPriceShouldRevert,oracle_0_rerun
getPriceFeedPriceShouldRevert,oracle_0_rerun
getSignersUnitTest,oracle_0_rerun
getSignersUnitTest,oracle_0_rerun
getSignersUnitTest,oracle_0_rerun
getSignersUnitTest,oracle_0_rerun
getSignersUnitTest,oracle_0_rerun
getSignersUnitTest,oracle_0_rerun
getSignersUnitTest,oracle_0_rerun
getSignersUnitTest,oracle_0_rerun
getSignersUnitTest,oracle_0_rerun
getSignersUnitTest,oracle_0_rerun
getSignersUnitTest,oracle_0_rerun
getSignersUnitTest,oracle_0_rerun
getSignersUnitTest,oracle_0_rerun
getSignersUnitTest,oracle_0_rerun
getSignersUnitTest,oracle_0_rerun
getSignersUnitTest,oracle_0_rerun
validateSignerConsistency,oracle_0_rerun
validateSignerConsistency,oracle_0_rerun
validateSignerConsistency,oracle_0_rerun
validateSignerConsistency,oracle_0_rerun
validateSignerConsistency,oracle_0_rerun
validateSignerConsistency,oracle_0_rerun
validateSignerConsistency,oracle_0_rerun
validateSignerConsistency,oracle_0_rerun
validateSignerConsistency,oracle_0_rerun
validateSignerConsistency,oracle_0_rerun
validateSignerConsistency,oracle_0_rerun
validateSignerConsistency,oracle_0_rerun
validateSignerConsistency,oracle_0_rerun
validateSignerConsistency,oracle_0_rerun
validateSignerConsistency,oracle_0_rerun
validateSignerConsistency,oracle_0_rerun
setPricesVerifyShouldRevert,oracle_0_rerun
setPricesVerifyShouldRevert,oracle_0_rerun
setPricesVerifyShouldRevert,oracle_0_rerun
setPricesVerifyShouldRevert,oracle_0_rerun
setPricesVerifyShouldRevert,oracle_0_rerun
setPricesVerifyShouldRevert,oracle_0_rerun
setPricesVerifyShouldRevert,oracle_0_rerun
setPricesVerifyShouldRevert,oracle_0_rerun
setPricesVerifyShouldRevert,oracle_0_rerun
setPricesVerifyShouldRevert,oracle_0_rerun
setPricesVerifyShouldRevert,oracle_0_rerun
setPricesVerifyShouldRevert,oracle_0_rerun
setPricesVerifyShouldRevert,oracle_0_rerun
setPricesVerifyShouldRevert,oracle_0_rerun
setPricesVerifyShouldRevert,oracle_0_rerun
setPricesVerifyShouldRevert,oracle_0_rerun
setPricesUnitTest,oracle_0_rerun
setPricesUnitTest,oracle_0_rerun
setPricesUnitTest,oracle_0_rerun
setPricesUnitTest,oracle_0_rerun
setPricesUnitTest,oracle_0_rerun
setPricesUnitTest,oracle_0_rerun
setPricesUnitTest,oracle_0_rerun
setPricesUnitTest,oracle_0_rerun
setPricesUnitTest,oracle_0_rerun
setPricesUnitTest,oracle_0_rerun
setPricesUnitTest,oracle_0_rerun
setPricesUnitTest,oracle_0_rerun
setPricesUnitTest,oracle_0_rerun
setPricesUnitTest,oracle_0_rerun
setPricesUnitTest,oracle_0_rerun
setPricesUnitTest,oracle_0_rerun
validatePricesUnitTest,oracle_0_rerun
validatePricesUnitTest,oracle_0_rerun
validatePricesUnitTest,oracle_0_rerun
validatePricesUnitTest,oracle_0_rerun
validatePricesUnitTest,oracle_0_rerun
validatePricesUnitTest,oracle_0_rerun
validatePricesUnitTest,oracle_0_rerun
validatePricesUnitTest,oracle_0_rerun
validatePricesUnitTest,oracle_0_rerun
validatePricesUnitTest,oracle_0_rerun
validatePricesUnitTest,oracle_0_rerun
validatePricesUnitTest,oracle_0_rerun
validatePricesUnitTest,oracle_0_rerun
validatePricesUnitTest,oracle_0_rerun
validatePricesUnitTest,oracle_0_rerun
validatePricesUnitTest,oracle_0_rerun
setPricesShouldRevert,oracle_0_rerun
setPricesShouldRevert,oracle_0_rerun
setPricesShouldRevert,oracle_0_rerun
setPricesShouldRevert,oracle_0_rerun
setPricesShouldRevert,oracle_0_rerun
setPricesShouldRevert,oracle_0_rerun
setPricesShouldRevert,oracle_0_rerun
setPricesShouldRevert,oracle_0_rerun
setPricesShouldRevert,oracle_0_rerun
setPricesShouldRevert,oracle_0_rerun
setPricesShouldRevert,oracle_0_rerun
setPricesShouldRevert,oracle_0_rerun
setPricesShouldRevert,oracle_0_rerun
setPricesShouldRevert,oracle_0_rerun
setPricesShouldRevert,oracle_0_rerun
setPricesShouldRevert,oracle_0_rerun
validateRefPriceShouldRevert,oracle_0_rerun
validateRefPriceShouldRevert,oracle_0_rerun
validateRefPriceShouldRevert,oracle_0_rerun
validateRefPriceShouldRevert,oracle_0_rerun
validateRefPriceShouldRevert,oracle_0_rerun
validateRefPriceShouldRevert,oracle_0_rerun
validateRefPriceShouldRevert,oracle_0_rerun
validateRefPriceShouldRevert,oracle_0_rerun
validateRefPriceShouldRevert,oracle_0_rerun
validateRefPriceShouldRevert,oracle_0_rerun
validateRefPriceShouldRevert,oracle_0_rerun
validateRefPriceShouldRevert,oracle_0_rerun
validateRefPriceShouldRevert,oracle_0_rerun
validateRefPriceShouldRevert,oracle_0_rerun
validateRefPriceShouldRevert,oracle_0_rerun
validateRefPriceShouldRevert,oracle_0_rerun
sanity_satisfy,oracle_0_rerun
sanity_satisfy,oracle_0_rerun
sanity_satisfy,oracle_0_rerun
sanity_satisfy,oracle_0_rerun
sanity_satisfy,oracle_0_rerun
sanity_satisfy,oracle_0_rerun
sanity_satisfy,oracle_0_rerun
sanity_satisfy,oracle_0_rerun
sanity_satisfy,oracle_0_rerun
sanity_satisfy,oracle_0_rerun
sanity_satisfy,oracle_0_rerun
sanity_satisfy,oracle_0_rerun
sanity_satisfy,oracle_0_rerun
sanity_satisfy,oracle_0_rerun
sanity_satisfy,oracle_0_rerun
sanity_satisfy,oracle_0_rerun
setPricesVerify,oracle_0_rerun
setPricesVerify,oracle_0_rerun
setPricesVerify,oracle_0_rerun
setPricesVerify,oracle_0_rerun
setPricesVerify,oracle_0_rerun
setPricesVerify,oracle_0_rerun
setPricesVerify,oracle_0_rerun
setPricesVerify,oracle_0_rerun
setPricesVerify,oracle_0_rerun
setPricesVerify,oracle_0_rerun
setPricesVerify,oracle_0_rerun
setPricesVerify,oracle_0_rerun
setPricesVerify,oracle_0_rerun
setPricesVerify,oracle_0_rerun
setPricesVerify,oracle_0_rerun
setPricesVerify,oracle_0_rerun
setPricesUnitTestMulti,oracle_0_rerun
setPricesUnitTestMulti,oracle_0_rerun
setPricesUnitTestMulti,oracle_0_rerun
setPricesUnitTestMulti,oracle_0_rerun
setPricesUnitTestMulti,oracle_0_rerun
setPricesUnitTestMulti,oracle_0_rerun
setPricesUnitTestMulti,oracle_0_rerun
setPricesUnitTestMulti,oracle_0_rerun
setPricesUnitTestMulti,oracle_0_rerun
setPricesUnitTestMulti,oracle_0_rerun
setPricesUnitTestMulti,oracle_0_rerun
setPricesUnitTestMulti,oracle_0_rerun
setPricesUnitTestMulti,oracle_0_rerun
setPricesUnitTestMulti,oracle_0_rerun
setPricesUnitTestMulti,oracle_0_rerun
setPricesUnitTestMulti,oracle_0_rerun
Aggregated,oracle
Aggregated,oracle
Aggregated,oracle
Aggregated,oracle
Aggregated,oracle
Aggregated,oracle
Aggregated,oracle
Aggregated,oracle
Aggregated,oracle
Aggregated,oracle
Aggregated,oracle
Aggregated,oracle
Aggregated,oracle
Aggregated,oracle
Aggregated,oracle
Aggregated,oracle
jokrhub,oracle_0_rerun
jokrhub,oracle_0_rerun
jokrhub,oracle_0_rerun
jokrhub,oracle_0_rerun
jokrhub,oracle_0_rerun
jokrhub,oracle_0_rerun
jokrhub,oracle_0_rerun
jokrhub,oracle_0_rerun
jokrhub,oracle_0_rerun
jokrhub,oracle_0_rerun
jokrhub,oracle_0_rerun
jokrhub,oracle_0_rerun
jokrhub,oracle_0_rerun
jokrhub,oracle_0_rerun
jokrhub,oracle_0_rerun
jokrhub,oracle_0_rerun
jokrhub,oracle_0_rerun
jokrhub,oracle_0_rerun
jokrhub,oracle_0_rerun
jokrhub,oracle_0_rerun
jokrhub,oracle_0_rerun
jokrhub,oracle_0_rerun
jokrhub,oracle_0_rerun
jokrhub,oracle_0_rerun
jokrhub,oracle_0_rerun
jokrhub,oracle_0_rerun
jokrhub,oracle_0_rerun
jokrhub,oracle_0_rerun
jokrhub,oracle_0_rerun
jokrhub,oracle_0_rerun
jokrhub,oracle_0_rerun
jokrhub,oracle_0_rerun
setPricesFromPriceFeedsShouldRevert,oracle_0_rerun
setPricesFromPriceFeedsShouldRevert,oracle_0_rerun
setPricesFromPriceFeedsShouldRevert,oracle_0_rerun
setPricesFromPriceFeedsShouldRevert,oracle_0_rerun
setPricesFromPriceFeedsShouldRevert,oracle_0_rerun
setPricesFromPriceFeedsShouldRevert,oracle_0_rerun
setPricesFromPriceFeedsShouldRevert,oracle_0_rerun
setPricesFromPriceFeedsShouldRevert,oracle_0_rerun
setPricesFromPriceFeedsShouldRevert,oracle_0_rerun
setPricesFromPriceFeedsShouldRevert,oracle_0_rerun
setPricesFromPriceFeedsShouldRevert,oracle_0_rerun
setPricesFromPriceFeedsShouldRevert,oracle_0_rerun
setPricesFromPriceFeedsShouldRevert,oracle_0_rerun
setPricesFromPriceFeedsShouldRevert,oracle_0_rerun
setPricesFromPriceFeedsShouldRevert,oracle_0_rerun
setPricesFromPriceFeedsShouldRevert,oracle_0_rerun
getPriceFeedPriceUnitTest,oracle_0_rerun
getPriceFeedPriceUnitTest,oracle_0_rerun
getPriceFeedPriceUnitTest,oracle_0_rerun
getPriceFeedPriceUnitTest,oracle_0_rerun
getPriceFeedPriceUnitTest,oracle_0_rerun
getPriceFeedPriceUnitTest,oracle_0_rerun
getPriceFeedPriceUnitTest,oracle_0_rerun
getPriceFeedPriceUnitTest,oracle_0_rerun
getPriceFeedPriceUnitTest,oracle_0_rerun
getPriceFeedPriceUnitTest,oracle_0_rerun
getPriceFeedPriceUnitTest,oracle_0_rerun
getPriceFeedPriceUnitTest,oracle_0_rerun
getPriceFeedPriceUnitTest,oracle_0_rerun
getPriceFeedPriceUnitTest,oracle_0_rerun
getPriceFeedPriceUnitTest,oracle_0_rerun
getPriceFeedPriceUnitTest,oracle_0_rerun
setPrimaryPriceUnitTest,oracle_0_rerun
setPrimaryPriceUnitTest,oracle_0_rerun
setPrimaryPriceUnitTest,oracle_0_rerun
setPrimaryPriceUnitTest,oracle_0_rerun
setPrimaryPriceUnitTest,oracle_0_rerun
setPrimaryPriceUnitTest,oracle_0_rerun
setPrimaryPriceUnitTest,oracle_0_rerun
setPrimaryPriceUnitTest,oracle_0_rerun
setPrimaryPriceUnitTest,oracle_0_rerun
setPrimaryPriceUnitTest,oracle_0_rerun
setPrimaryPriceUnitTest,oracle_0_rerun
setPrimaryPriceUnitTest,oracle_0_rerun
setPrimaryPriceUnitTest,oracle_0_rerun
setPrimaryPriceUnitTest,oracle_0_rerun
setPrimaryPriceUnitTest,oracle_0_rerun
setPrimaryPriceUnitTest,oracle_0_rerun
setPricesFromPriceFeedsUnitTest,oracle_0_rerun
setPricesFromPriceFeedsUnitTest,oracle_0_rerun
setPricesFromPriceFeedsUnitTest,oracle_0_rerun
setPricesFromPriceFeedsUnitTest,oracle_0_rerun
setPricesFromPriceFeedsUnitTest,oracle_0_rerun
setPricesFromPriceFeedsUnitTest,oracle_0_rerun
setPricesFromPriceFeedsUnitTest,oracle_0_rerun
setPricesFromPriceFeedsUnitTest,oracle_0_rerun
setPricesFromPriceFeedsUnitTest,oracle_0_rerun
setPricesFromPriceFeedsUnitTest,oracle_0_rerun
setPricesFromPriceFeedsUnitTest,oracle_0_rerun
setPricesFromPriceFeedsUnitTest,oracle_0_rerun
setPricesFromPriceFeedsUnitTest,oracle_0_rerun
setPricesFromPriceFeedsUnitTest,oracle_0_rerun
setPricesFromPriceFeedsUnitTest,oracle_0_rerun
setPricesFromPriceFeedsUnitTest,oracle_0_rerun
getSignersShouldRevert,oracle_0_rerun
getSignersShouldRevert,oracle_0_rerun
getSignersShouldRevert,oracle_0_rerun
getSignersShouldRevert,oracle_0_rerun
getSignersShouldRevert,oracle_0_rerun
getSignersShouldRevert,oracle_0_rerun
getSignersShouldRevert,oracle_0_rerun
getSignersShouldRevert,oracle_0_rerun
getSignersShouldRevert,oracle_0_rerun
getSignersShouldRevert,oracle_0_rerun
getSignersShouldRevert,oracle_0_rerun
getSignersShouldRevert,oracle_0_rerun
getSignersShouldRevert,oracle_0_rerun
getSignersShouldRevert,oracle_0_rerun
getSignersShouldRevert,oracle_0_rerun
getSignersShouldRevert,oracle_0_rerun
getPrimaryPriceShouldRevert,oracle_0_rerun
getPrimaryPriceShouldRevert,oracle_0_rerun
getPrimaryPriceShouldRevert,oracle_0_rerun
getPrimaryPriceShouldRevert,oracle_0_rerun
getPrimaryPriceShouldRevert,oracle_0_rerun
getPrimaryPriceShouldRevert,oracle_0_rerun
getPrimaryPriceShouldRevert,oracle_0_rerun
getPrimaryPriceShouldRevert,oracle_0_rerun
getPrimaryPriceShouldRevert,oracle_0_rerun
getPrimaryPriceShouldRevert,oracle_0_rerun
getPrimaryPriceShouldRevert,oracle_0_rerun
getPrimaryPriceShouldRevert,oracle_0_rerun
getPrimaryPriceShouldRevert,oracle_0_rerun
getPrimaryPriceShouldRevert,oracle_0_rerun
getPrimaryPriceShouldRevert,oracle_0_rerun
getPrimaryPriceShouldRevert,oracle_0_rerun
getPriceFeedMultiplierUnitTest,oracle_0_rerun
getPriceFeedMultiplierUnitTest,oracle_0_rerun
getPriceFeedMultiplierUnitTest,oracle_0_rerun
getPriceFeedMultiplierUnitTest,oracle_0_rerun
getPriceFeedMultiplierUnitTest,oracle_0_rerun
getPriceFeedMultiplierUnitTest,oracle_0_rerun
getPriceFeedMultiplierUnitTest,oracle_0_rerun
getPriceFeedMultiplierUnitTest,oracle_0_rerun
getPriceFeedMultiplierUnitTest,oracle_0_rerun
getPriceFeedMultiplierUnitTest,oracle_0_rerun
getPriceFeedMultiplierUnitTest,oracle_0_rerun
getPriceFeedMultiplierUnitTest,oracle_0_rerun
getPriceFeedMultiplierUnitTest,oracle_0_rerun
getPriceFeedMultiplierUnitTest,oracle_0_rerun
getPriceFeedMultiplierUnitTest,oracle_0_rerun
getPriceFeedMultiplierUnitTest,oracle_0_rerun
setPricesFromPriceFeedsUnitTestMulti,oracle_0_rerun
setPricesFromPriceFeedsUnitTestMulti,oracle_0_rerun
setPricesFromPriceFeedsUnitTestMulti,oracle_0_rerun
setPricesFromPriceFeedsUnitTestMulti,oracle_0_rerun
setPricesFromPriceFeedsUnitTestMulti,oracle_0_rerun
setPricesFromPriceFeedsUnitTestMulti,oracle_0_rerun
setPricesFromPriceFeedsUnitTestMulti,oracle_0_rerun
setPricesFromPriceFeedsUnitTestMulti,oracle_0_rerun
setPricesFromPriceFeedsUnitTestMulti,oracle_0_rerun
setPricesFromPriceFeedsUnitTestMulti,oracle_0_rerun
setPricesFromPriceFeedsUnitTestMulti,oracle_0_rerun
setPricesFromPriceFeedsUnitTestMulti,oracle_0_rerun
setPricesFromPriceFeedsUnitTestMulti,oracle_0_rerun
setPricesFromPriceFeedsUnitTestMulti,oracle_0_rerun
setPricesFromPriceFeedsUnitTestMulti,oracle_0_rerun
setPricesFromPriceFeedsUnitTestMulti,oracle_0_rerun
getPriceFeedPriceShouldRevert,oracle_0_rerun
getPriceFeedPriceShouldRevert,oracle_0_rerun
getPriceFeedPriceShouldRevert,oracle_0_rerun
getPriceFeedPriceShouldRevert,oracle_0_rerun
getPriceFeedPriceShouldRevert,oracle_0_rerun
getPriceFeedPriceShouldRevert,oracle_0_rerun
getPriceFeedPriceShouldRevert,oracle_0_rerun
getPriceFeedPriceShouldRevert,oracle_0_rerun
getPriceFeedPriceShouldRevert,oracle_0_rerun
getPriceFeedPriceShouldRevert,oracle_0_rerun
getPriceFeedPriceShouldRevert,oracle_0_rerun
getPriceFeedPriceShouldRevert,oracle_0_rerun
getPriceFeedPriceShouldRevert,oracle_0_rerun
getPriceFeedPriceShouldRevert,oracle_0_rerun
getPriceFeedPriceShouldRevert,oracle_0_rerun
getPriceFeedPriceShouldRevert,oracle_0_rerun
getSignersUnitTest,oracle_0_rerun
getSignersUnitTest,oracle_0_rerun
getSignersUnitTest,oracle_0_rerun
getSignersUnitTest,oracle_0_rerun
getSignersUnitTest,oracle_0_rerun
getSignersUnitTest,oracle_0_rerun
getSignersUnitTest,oracle_0_rerun
getSignersUnitTest,oracle_0_rerun
getSignersUnitTest,oracle_0_rerun
getSignersUnitTest,oracle_0_rerun
getSignersUnitTest,oracle_0_rerun
getSignersUnitTest,oracle_0_rerun
getSignersUnitTest,oracle_0_rerun
getSignersUnitTest,oracle_0_rerun
getSignersUnitTest,oracle_0_rerun
getSignersUnitTest,oracle_0_rerun
validateSignerConsistency,oracle_0_rerun
validateSignerConsistency,oracle_0_rerun
validateSignerConsistency,oracle_0_rerun
validateSignerConsistency,oracle_0_rerun
validateSignerConsistency,oracle_0_rerun
validateSignerConsistency,oracle_0_rerun
validateSignerConsistency,oracle_0_rerun
validateSignerConsistency,oracle_0_rerun
validateSignerConsistency,oracle_0_rerun
validateSignerConsistency,oracle_0_rerun
validateSignerConsistency,oracle_0_rerun
validateSignerConsistency,oracle_0_rerun
validateSignerConsistency,oracle_0_rerun
validateSignerConsistency,oracle_0_rerun
validateSignerConsistency,oracle_0_rerun
validateSignerConsistency,oracle_0_rerun
setPricesVerifyShouldRevert,oracle_0_rerun
setPricesVerifyShouldRevert,oracle_0_rerun
setPricesVerifyShouldRevert,oracle_0_rerun
setPricesVerifyShouldRevert,oracle_0_rerun
setPricesVerifyShouldRevert,oracle_0_rerun
setPricesVerifyShouldRevert,oracle_0_rerun
setPricesVerifyShouldRevert,oracle_0_rerun
setPricesVerifyShouldRevert,oracle_0_rerun
setPricesVerifyShouldRevert,oracle_0_rerun
setPricesVerifyShouldRevert,oracle_0_rerun
setPricesVerifyShouldRevert,oracle_0_rerun
setPricesVerifyShouldRevert,oracle_0_rerun
setPricesVerifyShouldRevert,oracle_0_rerun
setPricesVerifyShouldRevert,oracle_0_rerun
setPricesVerifyShouldRevert,oracle_0_rerun
setPricesVerifyShouldRevert,oracle_0_rerun
setPricesUnitTest,oracle_0_rerun
setPricesUnitTest,oracle_0_rerun
setPricesUnitTest,oracle_0_rerun
setPricesUnitTest,oracle_0_rerun
setPricesUnitTest,oracle_0_rerun
setPricesUnitTest,oracle_0_rerun
setPricesUnitTest,oracle_0_rerun
setPricesUnitTest,oracle_0_rerun
setPricesUnitTest,oracle_0_rerun
setPricesUnitTest,oracle_0_rerun
setPricesUnitTest,oracle_0_rerun
setPricesUnitTest,oracle_0_rerun
setPricesUnitTest,oracle_0_rerun
setPricesUnitTest,oracle_0_rerun
setPricesUnitTest,oracle_0_rerun
setPricesUnitTest,oracle_0_rerun
validatePricesUnitTest,oracle_0_rerun
validatePricesUnitTest,oracle_0_rerun
validatePricesUnitTest,oracle_0_rerun
validatePricesUnitTest,oracle_0_rerun
validatePricesUnitTest,oracle_0_rerun
validatePricesUnitTest,oracle_0_rerun
validatePricesUnitTest,oracle_0_rerun
validatePricesUnitTest,oracle_0_rerun
validatePricesUnitTest,oracle_0_rerun
validatePricesUnitTest,oracle_0_rerun
validatePricesUnitTest,oracle_0_rerun
validatePricesUnitTest,oracle_0_rerun
validatePricesUnitTest,oracle_0_rerun
validatePricesUnitTest,oracle_0_rerun
validatePricesUnitTest,oracle_0_rerun
validatePricesUnitTest,oracle_0_rerun
setPricesShouldRevert,oracle_0_rerun
setPricesShouldRevert,oracle_0_rerun
setPricesShouldRevert,oracle_0_rerun
setPricesShouldRevert,oracle_0_rerun
setPricesShouldRevert,oracle_0_rerun
setPricesShouldRevert,oracle_0_rerun
setPricesShouldRevert,oracle_0_rerun
setPricesShouldRevert,oracle_0_rerun
setPricesShouldRevert,oracle_0_rerun
setPricesShouldRevert,oracle_0_rerun
setPricesShouldRevert,oracle_0_rerun
setPricesShouldRevert,oracle_0_rerun
setPricesShouldRevert,oracle_0_rerun
setPricesShouldRevert,oracle_0_rerun
setPricesShouldRevert,oracle_0_rerun
setPricesShouldRevert,oracle_0_rerun
validateRefPriceShouldRevert,oracle_0_rerun
validateRefPriceShouldRevert,oracle_0_rerun
validateRefPriceShouldRevert,oracle_0_rerun
validateRefPriceShouldRevert,oracle_0_rerun
validateRefPriceShouldRevert,oracle_0_rerun
validateRefPriceShouldRevert,oracle_0_rerun
validateRefPriceShouldRevert,oracle_0_rerun
validateRefPriceShouldRevert,oracle_0_rerun
validateRefPriceShouldRevert,oracle_0_rerun
validateRefPriceShouldRevert,oracle_0_rerun
validateRefPriceShouldRevert,oracle_0_rerun
validateRefPriceShouldRevert,oracle_0_rerun
validateRefPriceShouldRevert,oracle_0_rerun
validateRefPriceShouldRevert,oracle_0_rerun
validateRefPriceShouldRevert,oracle_0_rerun
validateRefPriceShouldRevert,oracle_0_rerun
sanity_satisfy,oracle_0_rerun
sanity_satisfy,oracle_0_rerun
sanity_satisfy,oracle_0_rerun
sanity_satisfy,oracle_0_rerun
sanity_satisfy,oracle_0_rerun
sanity_satisfy,oracle_0_rerun
sanity_satisfy,oracle_0_rerun
sanity_satisfy,oracle_0_rerun
sanity_satisfy,oracle_0_rerun
sanity_satisfy,oracle_0_rerun
sanity_satisfy,oracle_0_rerun
sanity_satisfy,oracle_0_rerun
sanity_satisfy,oracle_0_rerun
sanity_satisfy,oracle_0_rerun
sanity_satisfy,oracle_0_rerun
sanity_satisfy,oracle_0_rerun
setPricesVerify,oracle_0_rerun
setPricesVerify,oracle_0_rerun
setPricesVerify,oracle_0_rerun
setPricesVerify,oracle_0_rerun
setPricesVerify,oracle_0_rerun
setPricesVerify,oracle_0_rerun
setPricesVerify,oracle_0_rerun
setPricesVerify,oracle_0_rerun
setPricesVerify,oracle_0_rerun
setPricesVerify,oracle_0_rerun
setPricesVerify,oracle_0_rerun
setPricesVerify,oracle_0_rerun
setPricesVerify,oracle_0_rerun
setPricesVerify,oracle_0_rerun
setPricesVerify,oracle_0_rerun
setPricesVerify,oracle_0_rerun
setPricesUnitTestMulti,oracle_0_rerun
setPricesUnitTestMulti,oracle_0_rerun
setPricesUnitTestMulti,oracle_0_rerun
setPricesUnitTestMulti,oracle_0_rerun
setPricesUnitTestMulti,oracle_0_rerun
setPricesUnitTestMulti,oracle_0_rerun
setPricesUnitTestMulti,oracle_0_rerun
setPricesUnitTestMulti,oracle_0_rerun
setPricesUnitTestMulti,oracle_0_rerun
setPricesUnitTestMulti,oracle_0_rerun
setPricesUnitTestMulti,oracle_0_rerun
setPricesUnitTestMulti,oracle_0_rerun
setPricesUnitTestMulti,oracle_0_rerun
setPricesUnitTestMulti,oracle_0_rerun
setPricesUnitTestMulti,oracle_0_rerun
setPricesUnitTestMulti,oracle_0_rerun
Aggregated,oracle
Aggregated,oracle
Aggregated,oracle
Aggregated,oracle
Aggregated,oracle
Aggregated,oracle
Aggregated,oracle
Aggregated,oracle
Aggregated,oracle
Aggregated,oracle
Aggregated,oracle
Aggregated,oracle
Aggregated,oracle
Aggregated,oracle
Aggregated,oracle
Aggregated,oracle
jokrhub,oracle_0_rerun
jokrhub,oracle_0_rerun
jokrhub,oracle_0_rerun
jokrhub,oracle_0_rerun
jokrhub,oracle_0_rerun
jokrhub,oracle_0_rerun
jokrhub,oracle_0_rerun
jokrhub,oracle_0_rerun
jokrhub,oracle_0_rerun
jokrhub,oracle_0_rerun
jokrhub,oracle_0_rerun
jokrhub,oracle_0_rerun
jokrhub,oracle_0_rerun
jokrhub,oracle_0_rerun
jokrhub,oracle_0_rerun
jokrhub,oracle_0_rerun
jokrhub,oracle_0_rerun
jokrhub,oracle_0_rerun
jokrhub,oracle_0_rerun
jokrhub,oracle_0_rerun
jokrhub,oracle_0_rerun
jokrhub,oracle_0_rerun
jokrhub,oracle_0_rerun
jokrhub,oracle_0_rerun
jokrhub,oracle_0_rerun
jokrhub,oracle_0_rerun
jokrhub,oracle_0_rerun
jokrhub,oracle_0_rerun
jokrhub,oracle_0_rerun
jokrhub,oracle_0_rerun
jokrhub,oracle_0_rerun
jokrhub,oracle_0_rerun
jokrhub,oracle_0_rerun
jokrhub,oracle_0_rerun
jokrhub,oracle_0_rerun
jokrhub,oracle_0_rerun
jokrhub,oracle_0_rerun
jokrhub,oracle_0_rerun
jokrhub,oracle_0_rerun
jokrhub,oracle_0_rerun
jokrhub,oracle_0_rerun
jokrhub,oracle_0_rerun
jokrhub,oracle_0_rerun
jokrhub,oracle_0_rerun
jokrhub,oracle_0_rerun
jokrhub,oracle_0_rerun
jokrhub,oracle_0_rerun
jokrhub,oracle_0_rerun
setPricesFromPriceFeedsShouldRevert,oracle_0_rerun
setPricesFromPriceFeedsShouldRevert,oracle_0_rerun
setPricesFromPriceFeedsShouldRevert,oracle_0_rerun
setPricesFromPriceFeedsShouldRevert,oracle_0_rerun
setPricesFromPriceFeedsShouldRevert,oracle_0_rerun
setPricesFromPriceFeedsShouldRevert,oracle_0_rerun
setPricesFromPriceFeedsShouldRevert,oracle_0_rerun
setPricesFromPriceFeedsShouldRevert,oracle_0_rerun
setPricesFromPriceFeedsShouldRevert,oracle_0_rerun
setPricesFromPriceFeedsShouldRevert,oracle_0_rerun
setPricesFromPriceFeedsShouldRevert,oracle_0_rerun
setPricesFromPriceFeedsShouldRevert,oracle_0_rerun
setPricesFromPriceFeedsShouldRevert,oracle_0_rerun
setPricesFromPriceFeedsShouldRevert,oracle_0_rerun
setPricesFromPriceFeedsShouldRevert,oracle_0_rerun
setPricesFromPriceFeedsShouldRevert,oracle_0_rerun
getPriceFeedPriceUnitTest,oracle_0_rerun
getPriceFeedPriceUnitTest,oracle_0_rerun
getPriceFeedPriceUnitTest,oracle_0_rerun
getPriceFeedPriceUnitTest,oracle_0_rerun
getPriceFeedPriceUnitTest,oracle_0_rerun
getPriceFeedPriceUnitTest,oracle_0_rerun
getPriceFeedPriceUnitTest,oracle_0_rerun
getPriceFeedPriceUnitTest,oracle_0_rerun
getPriceFeedPriceUnitTest,oracle_0_rerun
getPriceFeedPriceUnitTest,oracle_0_rerun
getPriceFeedPriceUnitTest,oracle_0_rerun
getPriceFeedPriceUnitTest,oracle_0_rerun
getPriceFeedPriceUnitTest,oracle_0_rerun
getPriceFeedPriceUnitTest,oracle_0_rerun
getPriceFeedPriceUnitTest,oracle_0_rerun
getPriceFeedPriceUnitTest,oracle_0_rerun
setPrimaryPriceUnitTest,oracle_0_rerun
setPrimaryPriceUnitTest,oracle_0_rerun
setPrimaryPriceUnitTest,oracle_0_rerun
setPrimaryPriceUnitTest,oracle_0_rerun
setPrimaryPriceUnitTest,oracle_0_rerun
setPrimaryPriceUnitTest,oracle_0_rerun
setPrimaryPriceUnitTest,oracle_0_rerun
setPrimaryPriceUnitTest,oracle_0_rerun
setPrimaryPriceUnitTest,oracle_0_rerun
setPrimaryPriceUnitTest,oracle_0_rerun
setPrimaryPriceUnitTest,oracle_0_rerun
setPrimaryPriceUnitTest,oracle_0_rerun
setPrimaryPriceUnitTest,oracle_0_rerun
setPrimaryPriceUnitTest,oracle_0_rerun
setPrimaryPriceUnitTest,oracle_0_rerun
setPrimaryPriceUnitTest,oracle_0_rerun
setPricesFromPriceFeedsUnitTest,oracle_0_rerun
setPricesFromPriceFeedsUnitTest,oracle_0_rerun
setPricesFromPriceFeedsUnitTest,oracle_0_rerun
setPricesFromPriceFeedsUnitTest,oracle_0_rerun
setPricesFromPriceFeedsUnitTest,oracle_0_rerun
setPricesFromPriceFeedsUnitTest,oracle_0_rerun
setPricesFromPriceFeedsUnitTest,oracle_0_rerun
setPricesFromPriceFeedsUnitTest,oracle_0_rerun
setPricesFromPriceFeedsUnitTest,oracle_0_rerun
setPricesFromPriceFeedsUnitTest,oracle_0_rerun
setPricesFromPriceFeedsUnitTest,oracle_0_rerun
setPricesFromPriceFeedsUnitTest,oracle_0_rerun
setPricesFromPriceFeedsUnitTest,oracle_0_rerun
setPricesFromPriceFeedsUnitTest,oracle_0_rerun
setPricesFromPriceFeedsUnitTest,oracle_0_rerun
setPricesFromPriceFeedsUnitTest,oracle_0_rerun
getSignersShouldRevert,oracle_0_rerun
getSignersShouldRevert,oracle_0_rerun
getSignersShouldRevert,oracle_0_rerun
getSignersShouldRevert,oracle_0_rerun
getSignersShouldRevert,oracle_0_rerun
getSignersShouldRevert,oracle_0_rerun
getSignersShouldRevert,oracle_0_rerun
getSignersShouldRevert,oracle_0_rerun
getSignersShouldRevert,oracle_0_rerun
getSignersShouldRevert,oracle_0_rerun
getSignersShouldRevert,oracle_0_rerun
getSignersShouldRevert,oracle_0_rerun
getSignersShouldRevert,oracle_0_rerun
getSignersShouldRevert,oracle_0_rerun
getSignersShouldRevert,oracle_0_rerun
getSignersShouldRevert,oracle_0_rerun
getPrimaryPriceShouldRevert,oracle_0_rerun
getPrimaryPriceShouldRevert,oracle_0_rerun
getPrimaryPriceShouldRevert,oracle_0_rerun
getPrimaryPriceShouldRevert,oracle_0_rerun
getPrimaryPriceShouldRevert,oracle_0_rerun
getPrimaryPriceShouldRevert,oracle_0_rerun
getPrimaryPriceShouldRevert,oracle_0_rerun
getPrimaryPriceShouldRevert,oracle_0_rerun
getPrimaryPriceShouldRevert,oracle_0_rerun
getPrimaryPriceShouldRevert,oracle_0_rerun
getPrimaryPriceShouldRevert,oracle_0_rerun
getPrimaryPriceShouldRevert,oracle_0_rerun
getPrimaryPriceShouldRevert,oracle_0_rerun
getPrimaryPriceShouldRevert,oracle_0_rerun
getPrimaryPriceShouldRevert,oracle_0_rerun
getPrimaryPriceShouldRevert,oracle_0_rerun
getPriceFeedMultiplierUnitTest,oracle_0_rerun
getPriceFeedMultiplierUnitTest,oracle_0_rerun
getPriceFeedMultiplierUnitTest,oracle_0_rerun
getPriceFeedMultiplierUnitTest,oracle_0_rerun
getPriceFeedMultiplierUnitTest,oracle_0_rerun
getPriceFeedMultiplierUnitTest,oracle_0_rerun
getPriceFeedMultiplierUnitTest,oracle_0_rerun
getPriceFeedMultiplierUnitTest,oracle_0_rerun
getPriceFeedMultiplierUnitTest,oracle_0_rerun
getPriceFeedMultiplierUnitTest,oracle_0_rerun
getPriceFeedMultiplierUnitTest,oracle_0_rerun
getPriceFeedMultiplierUnitTest,oracle_0_rerun
getPriceFeedMultiplierUnitTest,oracle_0_rerun
getPriceFeedMultiplierUnitTest,oracle_0_rerun
getPriceFeedMultiplierUnitTest,oracle_0_rerun
getPriceFeedMultiplierUnitTest,oracle_0_rerun
setPricesFromPriceFeedsUnitTestMulti,oracle_0_rerun
setPricesFromPriceFeedsUnitTestMulti,oracle_0_rerun
setPricesFromPriceFeedsUnitTestMulti,oracle_0_rerun
setPricesFromPriceFeedsUnitTestMulti,oracle_0_rerun
setPricesFromPriceFeedsUnitTestMulti,oracle_0_rerun
setPricesFromPriceFeedsUnitTestMulti,oracle_0_rerun
setPricesFromPriceFeedsUnitTestMulti,oracle_0_rerun
setPricesFromPriceFeedsUnitTestMulti,oracle_0_rerun
setPricesFromPriceFeedsUnitTestMulti,oracle_0_rerun
setPricesFromPriceFeedsUnitTestMulti,oracle_0_rerun
setPricesFromPriceFeedsUnitTestMulti,oracle_0_rerun
setPricesFromPriceFeedsUnitTestMulti,oracle_0_rerun
setPricesFromPriceFeedsUnitTestMulti,oracle_0_rerun
setPricesFromPriceFeedsUnitTestMulti,oracle_0_rerun
setPricesFromPriceFeedsUnitTestMulti,oracle_0_rerun
setPricesFromPriceFeedsUnitTestMulti,oracle_0_rerun
getPriceFeedPriceShouldRevert,oracle_0_rerun
getPriceFeedPriceShouldRevert,oracle_0_rerun
getPriceFeedPriceShouldRevert,oracle_0_rerun
getPriceFeedPriceShouldRevert,oracle_0_rerun
getPriceFeedPriceShouldRevert,oracle_0_rerun
getPriceFeedPriceShouldRevert,oracle_0_rerun
getPriceFeedPriceShouldRevert,oracle_0_rerun
getPriceFeedPriceShouldRevert,oracle_0_rerun
getPriceFeedPriceShouldRevert,oracle_0_rerun
getPriceFeedPriceShouldRevert,oracle_0_rerun
getPriceFeedPriceShouldRevert,oracle_0_rerun
getPriceFeedPriceShouldRevert,oracle_0_rerun
getPriceFeedPriceShouldRevert,oracle_0_rerun
getPriceFeedPriceShouldRevert,oracle_0_rerun
getPriceFeedPriceShouldRevert,oracle_0_rerun
getPriceFeedPriceShouldRevert,oracle_0_rerun
getSignersUnitTest,oracle_0_rerun
getSignersUnitTest,oracle_0_rerun
getSignersUnitTest,oracle_0_rerun
getSignersUnitTest,oracle_0_rerun
getSignersUnitTest,oracle_0_rerun
getSignersUnitTest,oracle_0_rerun
getSignersUnitTest,oracle_0_rerun
getSignersUnitTest,oracle_0_rerun
getSignersUnitTest,oracle_0_rerun
getSignersUnitTest,oracle_0_rerun
getSignersUnitTest,oracle_0_rerun
getSignersUnitTest,oracle_0_rerun
getSignersUnitTest,oracle_0_rerun
getSignersUnitTest,oracle_0_rerun
getSignersUnitTest,oracle_0_rerun
getSignersUnitTest,oracle_0_rerun
validateSignerConsistency,oracle_0_rerun
validateSignerConsistency,oracle_0_rerun
validateSignerConsistency,oracle_0_rerun
validateSignerConsistency,oracle_0_rerun
validateSignerConsistency,oracle_0_rerun
validateSignerConsistency,oracle_0_rerun
validateSignerConsistency,oracle_0_rerun
validateSignerConsistency,oracle_0_rerun
validateSignerConsistency,oracle_0_rerun
validateSignerConsistency,oracle_0_rerun
validateSignerConsistency,oracle_0_rerun
validateSignerConsistency,oracle_0_rerun
validateSignerConsistency,oracle_0_rerun
validateSignerConsistency,oracle_0_rerun
validateSignerConsistency,oracle_0_rerun
validateSignerConsistency,oracle_0_rerun
setPricesVerifyShouldRevert,oracle_0_rerun
setPricesVerifyShouldRevert,oracle_0_rerun
setPricesVerifyShouldRevert,oracle_0_rerun
setPricesVerifyShouldRevert,oracle_0_rerun
setPricesVerifyShouldRevert,oracle_0_rerun
setPricesVerifyShouldRevert,oracle_0_rerun
setPricesVerifyShouldRevert,oracle_0_rerun
setPricesVerifyShouldRevert,oracle_0_rerun
setPricesVerifyShouldRevert,oracle_0_rerun
setPricesVerifyShouldRevert,oracle_0_rerun
setPricesVerifyShouldRevert,oracle_0_rerun
setPricesVerifyShouldRevert,oracle_0_rerun
setPricesVerifyShouldRevert,oracle_0_rerun
setPricesVerifyShouldRevert,oracle_0_rerun
setPricesVerifyShouldRevert,oracle_0_rerun
setPricesVerifyShouldRevert,oracle_0_rerun
setPricesUnitTest,oracle_0_rerun
setPricesUnitTest,oracle_0_rerun
setPricesUnitTest,oracle_0_rerun
setPricesUnitTest,oracle_0_rerun
setPricesUnitTest,oracle_0_rerun
setPricesUnitTest,oracle_0_rerun
setPricesUnitTest,oracle_0_rerun
setPricesUnitTest,oracle_0_rerun
setPricesUnitTest,oracle_0_rerun
setPricesUnitTest,oracle_0_rerun
setPricesUnitTest,oracle_0_rerun
setPricesUnitTest,oracle_0_rerun
setPricesUnitTest,oracle_0_rerun
setPricesUnitTest,oracle_0_rerun
setPricesUnitTest,oracle_0_rerun
setPricesUnitTest,oracle_0_rerun
validatePricesUnitTest,oracle_0_rerun
validatePricesUnitTest,oracle_0_rerun
validatePricesUnitTest,oracle_0_rerun
validatePricesUnitTest,oracle_0_rerun
validatePricesUnitTest,oracle_0_rerun
validatePricesUnitTest,oracle_0_rerun
validatePricesUnitTest,oracle_0_rerun
validatePricesUnitTest,oracle_0_rerun
validatePricesUnitTest,oracle_0_rerun
validatePricesUnitTest,oracle_0_rerun
validatePricesUnitTest,oracle_0_rerun
validatePricesUnitTest,oracle_0_rerun
validatePricesUnitTest,oracle_0_rerun
validatePricesUnitTest,oracle_0_rerun
validatePricesUnitTest,oracle_0_rerun
validatePricesUnitTest,oracle_0_rerun
setPricesShouldRevert,oracle_0_rerun
setPricesShouldRevert,oracle_0_rerun
setPricesShouldRevert,oracle_0_rerun
setPricesShouldRevert,oracle_0_rerun
setPricesShouldRevert,oracle_0_rerun
setPricesShouldRevert,oracle_0_rerun
setPricesShouldRevert,oracle_0_rerun
setPricesShouldRevert,oracle_0_rerun
setPricesShouldRevert,oracle_0_rerun
setPricesShouldRevert,oracle_0_rerun
setPricesShouldRevert,oracle_0_rerun
setPricesShouldRevert,oracle_0_rerun
setPricesShouldRevert,oracle_0_rerun
setPricesShouldRevert,oracle_0_rerun
setPricesShouldRevert,oracle_0_rerun
setPricesShouldRevert,oracle_0_rerun
validateRefPriceShouldRevert,oracle_0_rerun
validateRefPriceShouldRevert,oracle_0_rerun
validateRefPriceShouldRevert,oracle_0_rerun
validateRefPriceShouldRevert,oracle_0_rerun
validateRefPriceShouldRevert,oracle_0_rerun
validateRefPriceShouldRevert,oracle_0_rerun
validateRefPriceShouldRevert,oracle_0_rerun
validateRefPriceShouldRevert,oracle_0_rerun
validateRefPriceShouldRevert,oracle_0_rerun
validateRefPriceShouldRevert,oracle_0_rerun
validateRefPriceShouldRevert,oracle_0_rerun
validateRefPriceShouldRevert,oracle_0_rerun
validateRefPriceShouldRevert,oracle_0_rerun
validateRefPriceShouldRevert,oracle_0_rerun
validateRefPriceShouldRevert,oracle_0_rerun
validateRefPriceShouldRevert,oracle_0_rerun
sanity_satisfy,oracle_0_rerun
sanity_satisfy,oracle_0_rerun
sanity_satisfy,oracle_0_rerun
sanity_satisfy,oracle_0_rerun
sanity_satisfy,oracle_0_rerun
sanity_satisfy,oracle_0_rerun
sanity_satisfy,oracle_0_rerun
sanity_satisfy,oracle_0_rerun
sanity_satisfy,oracle_0_rerun
sanity_satisfy,oracle_0_rerun
sanity_satisfy,oracle_0_rerun
sanity_satisfy,oracle_0_rerun
sanity_satisfy,oracle_0_rerun
sanity_satisfy,oracle_0_rerun
sanity_satisfy,oracle_0_rerun
sanity_satisfy,oracle_0_rerun
setPricesVerify,oracle_0_rerun
setPricesVerify,oracle_0_rerun
setPricesVerify,oracle_0_rerun
setPricesVerify,oracle_0_rerun
setPricesVerify,oracle_0_rerun
setPricesVerify,oracle_0_rerun
setPricesVerify,oracle_0_rerun
setPricesVerify,oracle_0_rerun
setPricesVerify,oracle_0_rerun
setPricesVerify,oracle_0_rerun
setPricesVerify,oracle_0_rerun
setPricesVerify,oracle_0_rerun
setPricesVerify,oracle_0_rerun
setPricesVerify,oracle_0_rerun
setPricesVerify,oracle_0_rerun
setPricesVerify,oracle_0_rerun
setPricesUnitTestMulti,oracle_0_rerun
setPricesUnitTestMulti,oracle_0_rerun
setPricesUnitTestMulti,oracle_0_rerun
setPricesUnitTestMulti,oracle_0_rerun
setPricesUnitTestMulti,oracle_0_rerun
setPricesUnitTestMulti,oracle_0_rerun
setPricesUnitTestMulti,oracle_0_rerun
setPricesUnitTestMulti,oracle_0_rerun
setPricesUnitTestMulti,oracle_0_rerun
setPricesUnitTestMulti,oracle_0_rerun
setPricesUnitTestMulti,oracle_0_rerun
setPricesUnitTestMulti,oracle_0_rerun
setPricesUnitTestMulti,oracle_0_rerun
setPricesUnitTestMulti,oracle_0_rerun
setPricesUnitTestMulti,oracle_0_rerun
setPricesUnitTestMulti,oracle_0_rerun
Aggregated,oracle
Aggregated,oracle
Aggregated,oracle
Aggregated,oracle
Aggregated,oracle
Aggregated,oracle
Aggregated,oracle
Aggregated,oracle
Aggregated,oracle
Aggregated,oracle
Aggregated,oracle
Aggregated,oracle
Aggregated,oracle
Aggregated,oracle
Aggregated,oracle
Aggregated,oracle
jokrhub,oracle_0_rerun
jokrhub,oracle_0_rerun
jokrhub,oracle_0_rerun
jokrhub,oracle_0_rerun
jokrhub,oracle_0_rerun
jokrhub,oracle_0_rerun
jokrhub,oracle_0_rerun
jokrhub,oracle_0_rerun
jokrhub,oracle_0_rerun
jokrhub,oracle_0_rerun
jokrhub,oracle_0_rerun
jokrhub,oracle_0_rerun
jokrhub,oracle_0_rerun
jokrhub,oracle_0_rerun
jokrhub,oracle_0_rerun
jokrhub,oracle_0_rerun
jokrhub,oracle_0_rerun
jokrhub,oracle_0_rerun
jokrhub,oracle_0_rerun
jokrhub,oracle_0_rerun
jokrhub,oracle_0_rerun
jokrhub,oracle_0_rerun
jokrhub,oracle_0_rerun
jokrhub,oracle_0_rerun
jokrhub,oracle_0_rerun
jokrhub,oracle_0_rerun
jokrhub,oracle_0_rerun
jokrhub,oracle_0_rerun
jokrhub,oracle_0_rerun
jokrhub,oracle_0_rerun
jokrhub,oracle_0_rerun
jokrhub,oracle_0_rerun
jokrhub,oracle_0_rerun
jokrhub,oracle_0_rerun
jokrhub,oracle_0_rerun
jokrhub,oracle_0_rerun
jokrhub,oracle_0_rerun
jokrhub,oracle_0_rerun
jokrhub,oracle_0_rerun
jokrhub,oracle_0_rerun
jokrhub,oracle_0_rerun
jokrhub,oracle_0_rerun
jokrhub,oracle_0_rerun
jokrhub,oracle_0_rerun
jokrhub,oracle_0_rerun
jokrhub,oracle_0_rerun
jokrhub,oracle_0_rerun
jokrhub,oracle_0_rerun
jokrhub,oracle_0_rerun
jokrhub,oracle_0_rerun
jokrhub,oracle_0_rerun
jokrhub,oracle_0_rerun
jokrhub,oracle_0_rerun
jokrhub,oracle_0_rerun
jokrhub,oracle_0_rerun
jokrhub,oracle_0_rerun
jokrhub,oracle_0_rerun
jokrhub,oracle_0_rerun
jokrhub,oracle_0_rerun
jokrhub,oracle_0_rerun
jokrhub,oracle_0_rerun
jokrhub,oracle_0_rerun
jokrhub,oracle_0_rerun
jokrhub,oracle_0_rerun
setPricesFromPriceFeedsShouldRevert,oracle_0_rerun
setPricesFromPriceFeedsShouldRevert,oracle_0_rerun
setPricesFromPriceFeedsShouldRevert,oracle_0_rerun
setPricesFromPriceFeedsShouldRevert,oracle_0_rerun
setPricesFromPriceFeedsShouldRevert,oracle_0_rerun
setPricesFromPriceFeedsShouldRevert,oracle_0_rerun
setPricesFromPriceFeedsShouldRevert,oracle_0_rerun
setPricesFromPriceFeedsShouldRevert,oracle_0_rerun
setPricesFromPriceFeedsShouldRevert,oracle_0_rerun
setPricesFromPriceFeedsShouldRevert,oracle_0_rerun
setPricesFromPriceFeedsShouldRevert,oracle_0_rerun
setPricesFromPriceFeedsShouldRevert,oracle_0_rerun
setPricesFromPriceFeedsShouldRevert,oracle_0_rerun
setPricesFromPriceFeedsShouldRevert,oracle_0_rerun
setPricesFromPriceFeedsShouldRevert,oracle_0_rerun
setPricesFromPriceFeedsShouldRevert,oracle_0_rerun
getPriceFeedPriceUnitTest,oracle_0_rerun
getPriceFeedPriceUnitTest,oracle_0_rerun
getPriceFeedPriceUnitTest,oracle_0_rerun
getPriceFeedPriceUnitTest,oracle_0_rerun
getPriceFeedPriceUnitTest,oracle_0_rerun
getPriceFeedPriceUnitTest,oracle_0_rerun
getPriceFeedPriceUnitTest,oracle_0_rerun
getPriceFeedPriceUnitTest,oracle_0_rerun
getPriceFeedPriceUnitTest,oracle_0_rerun
getPriceFeedPriceUnitTest,oracle_0_rerun
getPriceFeedPriceUnitTest,oracle_0_rerun
getPriceFeedPriceUnitTest,oracle_0_rerun
getPriceFeedPriceUnitTest,oracle_0_rerun
getPriceFeedPriceUnitTest,oracle_0_rerun
getPriceFeedPriceUnitTest,oracle_0_rerun
getPriceFeedPriceUnitTest,oracle_0_rerun
setPrimaryPriceUnitTest,oracle_0_rerun
setPrimaryPriceUnitTest,oracle_0_rerun
setPrimaryPriceUnitTest,oracle_0_rerun
setPrimaryPriceUnitTest,oracle_0_rerun
setPrimaryPriceUnitTest,oracle_0_rerun
setPrimaryPriceUnitTest,oracle_0_rerun
setPrimaryPriceUnitTest,oracle_0_rerun
setPrimaryPriceUnitTest,oracle_0_rerun
setPrimaryPriceUnitTest,oracle_0_rerun
setPrimaryPriceUnitTest,oracle_0_rerun
setPrimaryPriceUnitTest,oracle_0_rerun
setPrimaryPriceUnitTest,oracle_0_rerun
setPrimaryPriceUnitTest,oracle_0_rerun
setPrimaryPriceUnitTest,oracle_0_rerun
setPrimaryPriceUnitTest,oracle_0_rerun
setPrimaryPriceUnitTest,oracle_0_rerun
setPricesFromPriceFeedsUnitTest,oracle_0_rerun
setPricesFromPriceFeedsUnitTest,oracle_0_rerun
setPricesFromPriceFeedsUnitTest,oracle_0_rerun
setPricesFromPriceFeedsUnitTest,oracle_0_rerun
setPricesFromPriceFeedsUnitTest,oracle_0_rerun
setPricesFromPriceFeedsUnitTest,oracle_0_rerun
setPricesFromPriceFeedsUnitTest,oracle_0_rerun
setPricesFromPriceFeedsUnitTest,oracle_0_rerun
setPricesFromPriceFeedsUnitTest,oracle_0_rerun
setPricesFromPriceFeedsUnitTest,oracle_0_rerun
setPricesFromPriceFeedsUnitTest,oracle_0_rerun
setPricesFromPriceFeedsUnitTest,oracle_0_rerun
setPricesFromPriceFeedsUnitTest,oracle_0_rerun
setPricesFromPriceFeedsUnitTest,oracle_0_rerun
setPricesFromPriceFeedsUnitTest,oracle_0_rerun
setPricesFromPriceFeedsUnitTest,oracle_0_rerun
getSignersShouldRevert,oracle_0_rerun
getSignersShouldRevert,oracle_0_rerun
getSignersShouldRevert,oracle_0_rerun
getSignersShouldRevert,oracle_0_rerun
getSignersShouldRevert,oracle_0_rerun
getSignersShouldRevert,oracle_0_rerun
getSignersShouldRevert,oracle_0_rerun
getSignersShouldRevert,oracle_0_rerun
getSignersShouldRevert,oracle_0_rerun
getSignersShouldRevert,oracle_0_rerun
getSignersShouldRevert,oracle_0_rerun
getSignersShouldRevert,oracle_0_rerun
getSignersShouldRevert,oracle_0_rerun
getSignersShouldRevert,oracle_0_rerun
getSignersShouldRevert,oracle_0_rerun
getSignersShouldRevert,oracle_0_rerun
getPrimaryPriceShouldRevert,oracle_0_rerun
getPrimaryPriceShouldRevert,oracle_0_rerun
getPrimaryPriceShouldRevert,oracle_0_rerun
getPrimaryPriceShouldRevert,oracle_0_rerun
getPrimaryPriceShouldRevert,oracle_0_rerun
getPrimaryPriceShouldRevert,oracle_0_rerun
getPrimaryPriceShouldRevert,oracle_0_rerun
getPrimaryPriceShouldRevert,oracle_0_rerun
getPrimaryPriceShouldRevert,oracle_0_rerun
getPrimaryPriceShouldRevert,oracle_0_rerun
getPrimaryPriceShouldRevert,oracle_0_rerun
getPrimaryPriceShouldRevert,oracle_0_rerun
getPrimaryPriceShouldRevert,oracle_0_rerun
getPrimaryPriceShouldRevert,oracle_0_rerun
getPrimaryPriceShouldRevert,oracle_0_rerun
getPrimaryPriceShouldRevert,oracle_0_rerun
getPriceFeedMultiplierUnitTest,oracle_0_rerun
getPriceFeedMultiplierUnitTest,oracle_0_rerun
getPriceFeedMultiplierUnitTest,oracle_0_rerun
getPriceFeedMultiplierUnitTest,oracle_0_rerun
getPriceFeedMultiplierUnitTest,oracle_0_rerun
getPriceFeedMultiplierUnitTest,oracle_0_rerun
getPriceFeedMultiplierUnitTest,oracle_0_rerun
getPriceFeedMultiplierUnitTest,oracle_0_rerun
getPriceFeedMultiplierUnitTest,oracle_0_rerun
getPriceFeedMultiplierUnitTest,oracle_0_rerun
getPriceFeedMultiplierUnitTest,oracle_0_rerun
getPriceFeedMultiplierUnitTest,oracle_0_rerun
getPriceFeedMultiplierUnitTest,oracle_0_rerun
getPriceFeedMultiplierUnitTest,oracle_0_rerun
getPriceFeedMultiplierUnitTest,oracle_0_rerun
getPriceFeedMultiplierUnitTest,oracle_0_rerun
setPricesFromPriceFeedsUnitTestMulti,oracle_0_rerun
setPricesFromPriceFeedsUnitTestMulti,oracle_0_rerun
setPricesFromPriceFeedsUnitTestMulti,oracle_0_rerun
setPricesFromPriceFeedsUnitTestMulti,oracle_0_rerun
setPricesFromPriceFeedsUnitTestMulti,oracle_0_rerun
setPricesFromPriceFeedsUnitTestMulti,oracle_0_rerun
setPricesFromPriceFeedsUnitTestMulti,oracle_0_rerun
setPricesFromPriceFeedsUnitTestMulti,oracle_0_rerun
setPricesFromPriceFeedsUnitTestMulti,oracle_0_rerun
setPricesFromPriceFeedsUnitTestMulti,oracle_0_rerun
setPricesFromPriceFeedsUnitTestMulti,oracle_0_rerun
setPricesFromPriceFeedsUnitTestMulti,oracle_0_rerun
setPricesFromPriceFeedsUnitTestMulti,oracle_0_rerun
setPricesFromPriceFeedsUnitTestMulti,oracle_0_rerun
setPricesFromPriceFeedsUnitTestMulti,oracle_0_rerun
setPricesFromPriceFeedsUnitTestMulti,oracle_0_rerun
getPriceFeedPriceShouldRevert,oracle_0_rerun
getPriceFeedPriceShouldRevert,oracle_0_rerun
getPriceFeedPriceShouldRevert,oracle_0_rerun
getPriceFeedPriceShouldRevert,oracle_0_rerun
getPriceFeedPriceShouldRevert,oracle_0_rerun
getPriceFeedPriceShouldRevert,oracle_0_rerun
getPriceFeedPriceShouldRevert,oracle_0_rerun
getPriceFeedPriceShouldRevert,oracle_0_rerun
getPriceFeedPriceShouldRevert,oracle_0_rerun
getPriceFeedPriceShouldRevert,oracle_0_rerun
getPriceFeedPriceShouldRevert,oracle_0_rerun
getPriceFeedPriceShouldRevert,oracle_0_rerun
getPriceFeedPriceShouldRevert,oracle_0_rerun
getPriceFeedPriceShouldRevert,oracle_0_rerun
getPriceFeedPriceShouldRevert,oracle_0_rerun
getPriceFeedPriceShouldRevert,oracle_0_rerun
getSignersUnitTest,oracle_0_rerun
getSignersUnitTest,oracle_0_rerun
getSignersUnitTest,oracle_0_rerun
getSignersUnitTest,oracle_0_rerun
getSignersUnitTest,oracle_0_rerun
getSignersUnitTest,oracle_0_rerun
getSignersUnitTest,oracle_0_rerun
getSignersUnitTest,oracle_0_rerun
getSignersUnitTest,oracle_0_rerun
getSignersUnitTest,oracle_0_rerun
getSignersUnitTest,oracle_0_rerun
getSignersUnitTest,oracle_0_rerun
getSignersUnitTest,oracle_0_rerun
getSignersUnitTest,oracle_0_rerun
getSignersUnitTest,oracle_0_rerun
getSignersUnitTest,oracle_0_rerun
validateSignerConsistency,oracle_0_rerun
validateSignerConsistency,oracle_0_rerun
validateSignerConsistency,oracle_0_rerun
validateSignerConsistency,oracle_0_rerun
validateSignerConsistency,oracle_0_rerun
validateSignerConsistency,oracle_0_rerun
validateSignerConsistency,oracle_0_rerun
validateSignerConsistency,oracle_0_rerun
validateSignerConsistency,oracle_0_rerun
validateSignerConsistency,oracle_0_rerun
validateSignerConsistency,oracle_0_rerun
validateSignerConsistency,oracle_0_rerun
validateSignerConsistency,oracle_0_rerun
validateSignerConsistency,oracle_0_rerun
validateSignerConsistency,oracle_0_rerun
validateSignerConsistency,oracle_0_rerun
setPricesVerifyShouldRevert,oracle_0_rerun
setPricesVerifyShouldRevert,oracle_0_rerun
setPricesVerifyShouldRevert,oracle_0_rerun
setPricesVerifyShouldRevert,oracle_0_rerun
setPricesVerifyShouldRevert,oracle_0_rerun
setPricesVerifyShouldRevert,oracle_0_rerun
setPricesVerifyShouldRevert,oracle_0_rerun
setPricesVerifyShouldRevert,oracle_0_rerun
setPricesVerifyShouldRevert,oracle_0_rerun
setPricesVerifyShouldRevert,oracle_0_rerun
setPricesVerifyShouldRevert,oracle_0_rerun
setPricesVerifyShouldRevert,oracle_0_rerun
setPricesVerifyShouldRevert,oracle_0_rerun
setPricesVerifyShouldRevert,oracle_0_rerun
setPricesVerifyShouldRevert,oracle_0_rerun
setPricesVerifyShouldRevert,oracle_0_rerun
setPricesUnitTest,oracle_0_rerun
setPricesUnitTest,oracle_0_rerun
setPricesUnitTest,oracle_0_rerun
setPricesUnitTest,oracle_0_rerun
setPricesUnitTest,oracle_0_rerun
setPricesUnitTest,oracle_0_rerun
setPricesUnitTest,oracle_0_rerun
setPricesUnitTest,oracle_0_rerun
setPricesUnitTest,oracle_0_rerun
setPricesUnitTest,oracle_0_rerun
setPricesUnitTest,oracle_0_rerun
setPricesUnitTest,oracle_0_rerun
setPricesUnitTest,oracle_0_rerun
setPricesUnitTest,oracle_0_rerun
setPricesUnitTest,oracle_0_rerun
setPricesUnitTest,oracle_0_rerun
validatePricesUnitTest,oracle_0_rerun
validatePricesUnitTest,oracle_0_rerun
validatePricesUnitTest,oracle_0_rerun
validatePricesUnitTest,oracle_0_rerun
validatePricesUnitTest,oracle_0_rerun
validatePricesUnitTest,oracle_0_rerun
validatePricesUnitTest,oracle_0_rerun
validatePricesUnitTest,oracle_0_rerun
validatePricesUnitTest,oracle_0_rerun
validatePricesUnitTest,oracle_0_rerun
validatePricesUnitTest,oracle_0_rerun
validatePricesUnitTest,oracle_0_rerun
validatePricesUnitTest,oracle_0_rerun
validatePricesUnitTest,oracle_0_rerun
validatePricesUnitTest,oracle_0_rerun
validatePricesUnitTest,oracle_0_rerun
setPricesShouldRevert,oracle_0_rerun
setPricesShouldRevert,oracle_0_rerun
setPricesShouldRevert,oracle_0_rerun
setPricesShouldRevert,oracle_0_rerun
setPricesShouldRevert,oracle_0_rerun
setPricesShouldRevert,oracle_0_rerun
setPricesShouldRevert,oracle_0_rerun
setPricesShouldRevert,oracle_0_rerun
setPricesShouldRevert,oracle_0_rerun
setPricesShouldRevert,oracle_0_rerun
setPricesShouldRevert,oracle_0_rerun
setPricesShouldRevert,oracle_0_rerun
setPricesShouldRevert,oracle_0_rerun
setPricesShouldRevert,oracle_0_rerun
setPricesShouldRevert,oracle_0_rerun
setPricesShouldRevert,oracle_0_rerun
validateRefPriceShouldRevert,oracle_0_rerun
validateRefPriceShouldRevert,oracle_0_rerun
validateRefPriceShouldRevert,oracle_0_rerun
validateRefPriceShouldRevert,oracle_0_rerun
validateRefPriceShouldRevert,oracle_0_rerun
validateRefPriceShouldRevert,oracle_0_rerun
validateRefPriceShouldRevert,oracle_0_rerun
validateRefPriceShouldRevert,oracle_0_rerun
validateRefPriceShouldRevert,oracle_0_rerun
validateRefPriceShouldRevert,oracle_0_rerun
validateRefPriceShouldRevert,oracle_0_rerun
validateRefPriceShouldRevert,oracle_0_rerun
validateRefPriceShouldRevert,oracle_0_rerun
validateRefPriceShouldRevert,oracle_0_rerun
validateRefPriceShouldRevert,oracle_0_rerun
validateRefPriceShouldRevert,oracle_0_rerun
sanity_satisfy,oracle_0_rerun
sanity_satisfy,oracle_0_rerun
sanity_satisfy,oracle_0_rerun
sanity_satisfy,oracle_0_rerun
sanity_satisfy,oracle_0_rerun
sanity_satisfy,oracle_0_rerun
sanity_satisfy,oracle_0_rerun
sanity_satisfy,oracle_0_rerun
sanity_satisfy,oracle_0_rerun
sanity_satisfy,oracle_0_rerun
sanity_satisfy,oracle_0_rerun
sanity_satisfy,oracle_0_rerun
sanity_satisfy,oracle_0_rerun
sanity_satisfy,oracle_0_rerun
sanity_satisfy,oracle_0_rerun
sanity_satisfy,oracle_0_rerun
setPricesVerify,oracle_0_rerun
setPricesVerify,oracle_0_rerun
setPricesVerify,oracle_0_rerun
setPricesVerify,oracle_0_rerun
setPricesVerify,oracle_0_rerun
setPricesVerify,oracle_0_rerun
setPricesVerify,oracle_0_rerun
setPricesVerify,oracle_0_rerun
setPricesVerify,oracle_0_rerun
setPricesVerify,oracle_0_rerun
setPricesVerify,oracle_0_rerun
setPricesVerify,oracle_0_rerun
setPricesVerify,oracle_0_rerun
setPricesVerify,oracle_0_rerun
setPricesVerify,oracle_0_rerun
setPricesVerify,oracle_0_rerun
setPricesUnitTestMulti,oracle_0_rerun
setPricesUnitTestMulti,oracle_0_rerun
setPricesUnitTestMulti,oracle_0_rerun
setPricesUnitTestMulti,oracle_0_rerun
setPricesUnitTestMulti,oracle_0_rerun
setPricesUnitTestMulti,oracle_0_rerun
setPricesUnitTestMulti,oracle_0_rerun
setPricesUnitTestMulti,oracle_0_rerun
setPricesUnitTestMulti,oracle_0_rerun
setPricesUnitTestMulti,oracle_0_rerun
setPricesUnitTestMulti,oracle_0_rerun
setPricesUnitTestMulti,oracle_0_rerun
setPricesUnitTestMulti,oracle_0_rerun
setPricesUnitTestMulti,oracle_0_rerun
setPricesUnitTestMulti,oracle_0_rerun
setPricesUnitTestMulti,oracle_0_rerun
Aggregated,oracle
Aggregated,oracle
Aggregated,oracle
Aggregated,oracle
Aggregated,oracle
Aggregated,oracle
Aggregated,oracle
Aggregated,oracle
Aggregated,oracle
Aggregated,oracle
Aggregated,oracle
Aggregated,oracle
Aggregated,oracle
Aggregated,oracle
Aggregated,oracle
Aggregated,oracle
setPricesVerifyShouldRevert,oracle_0_rerun
setPricesUnitTest,oracle_0_rerun
setPricesUnitTest,oracle_0_rerun
setPricesUnitTest,oracle_0_rerun
setPricesUnitTest,oracle_0_rerun
setPricesUnitTest,oracle_0_rerun
setPricesUnitTest,oracle_0_rerun
setPricesUnitTest,oracle_0_rerun
setPricesUnitTest,oracle_0_rerun
setPricesUnitTest,oracle_0_rerun
setPricesUnitTest,oracle_0_rerun
setPricesUnitTest,oracle_0_rerun
setPricesUnitTest,oracle_0_rerun
setPricesUnitTest,oracle_0_rerun
setPricesUnitTest,oracle_0_rerun
setPricesUnitTest,oracle_0_rerun
setPricesUnitTest,oracle_0_rerun
validatePricesUnitTest,oracle_0_rerun
validatePricesUnitTest,oracle_0_rerun
validatePricesUnitTest,oracle_0_rerun
validatePricesUnitTest,oracle_0_rerun
validatePricesUnitTest,oracle_0_rerun
validatePricesUnitTest,oracle_0_rerun
validatePricesUnitTest,oracle_0_rerun
validatePricesUnitTest,oracle_0_rerun
validatePricesUnitTest,oracle_0_rerun
validatePricesUnitTest,oracle_0_rerun
validatePricesUnitTest,oracle_0_rerun
validatePricesUnitTest,oracle_0_rerun
validatePricesUnitTest,oracle_0_rerun
validatePricesUnitTest,oracle_0_rerun
validatePricesUnitTest,oracle_0_rerun
validatePricesUnitTest,oracle_0_rerun
setPricesShouldRevert,oracle_0_rerun
setPricesShouldRevert,oracle_0_rerun
setPricesShouldRevert,oracle_0_rerun
setPricesShouldRevert,oracle_0_rerun
setPricesShouldRevert,oracle_0_rerun
setPricesShouldRevert,oracle_0_rerun
setPricesShouldRevert,oracle_0_rerun
setPricesShouldRevert,oracle_0_rerun
setPricesShouldRevert,oracle_0_rerun
setPricesShouldRevert,oracle_0_rerun
setPricesShouldRevert,oracle_0_rerun
setPricesShouldRevert,oracle_0_rerun
setPricesShouldRevert,oracle_0_rerun
setPricesShouldRevert,oracle_0_rerun
setPricesShouldRevert,oracle_0_rerun
setPricesShouldRevert,oracle_0_rerun
validateRefPriceShouldRevert,oracle_0_rerun
validateRefPriceShouldRevert,oracle_0_rerun
validateRefPriceShouldRevert,oracle_0_rerun
validateRefPriceShouldRevert,oracle_0_rerun
validateRefPriceShouldRevert,oracle_0_rerun
validateRefPriceShouldRevert,oracle_0_rerun
validateRefPriceShouldRevert,oracle_0_rerun
validateRefPriceShouldRevert,oracle_0_rerun
validateRefPriceShouldRevert,oracle_0_rerun
validateRefPriceShouldRevert,oracle_0_rerun
validateRefPriceShouldRevert,oracle_0_rerun
validateRefPriceShouldRevert,oracle_0_rerun
validateRefPriceShouldRevert,oracle_0_rerun
validateRefPriceShouldRevert,oracle_0_rerun
validateRefPriceShouldRevert,oracle_0_rerun
validateRefPriceShouldRevert,oracle_0_rerun
sanity_satisfy,oracle_0_rerun
sanity_satisfy,oracle_0_rerun
sanity_satisfy,oracle_0_rerun
sanity_satisfy,oracle_0_rerun
sanity_satisfy,oracle_0_rerun
sanity_satisfy,oracle_0_rerun
sanity_satisfy,oracle_0_rerun
sanity_satisfy,oracle_0_rerun
sanity_satisfy,oracle_0_rerun
sanity_satisfy,oracle_0_rerun
sanity_satisfy,oracle_0_rerun
sanity_satisfy,oracle_0_rerun
sanity_satisfy,oracle_0_rerun
sanity_satisfy,oracle_0_rerun
sanity_satisfy,oracle_0_rerun
sanity_satisfy,oracle_0_rerun
setPricesVerify,oracle_0_rerun
setPricesVerify,oracle_0_rerun
setPricesVerify,oracle_0_rerun
setPricesVerify,oracle_0_rerun
setPricesVerify,oracle_0_rerun
setPricesVerify,oracle_0_rerun
setPricesVerify,oracle_0_rerun
setPricesVerify,oracle_0_rerun
setPricesVerify,oracle_0_rerun
setPricesVerify,oracle_0_rerun
setPricesVerify,oracle_0_rerun
setPricesVerify,oracle_0_rerun
setPricesVerify,oracle_0_rerun
setPricesVerify,oracle_0_rerun
setPricesVerify,oracle_0_rerun
setPricesVerify,oracle_0_rerun
setPricesUnitTestMulti,oracle_0_rerun
setPricesUnitTestMulti,oracle_0_rerun
setPricesUnitTestMulti,oracle_0_rerun
setPricesUnitTestMulti,oracle_0_rerun
setPricesUnitTestMulti,oracle_0_rerun
setPricesUnitTestMulti,oracle_0_rerun
setPricesUnitTestMulti,oracle_0_rerun
setPricesUnitTestMulti,oracle_0_rerun
setPricesUnitTestMulti,oracle_0_rerun
setPricesUnitTestMulti,oracle_0_rerun
setPricesUnitTestMulti,oracle_0_rerun
setPricesUnitTestMulti,oracle_0_rerun
setPricesUnitTestMulti,oracle_0_rerun
setPricesUnitTestMulti,oracle_0_rerun
setPricesUnitTestMulti,oracle_0_rerun
setPricesUnitTestMulti,oracle_0_rerun
Aggregated,oracle
Aggregated,oracle
Aggregated,oracle
Aggregated,oracle
Aggregated,oracle
Aggregated,oracle
Aggregated,oracle
Aggregated,oracle
Aggregated,oracle
Aggregated,oracle
Aggregated,oracle
Aggregated,oracle
Aggregated,oracle
Aggregated,oracle
Aggregated,oracle
Aggregated,oracle
setPricesVerifyShouldRevert,oracle_0_rerun
setPricesUnitTest,oracle_0_rerun
setPricesUnitTest,oracle_0_rerun
setPricesUnitTest,oracle_0_rerun
setPricesUnitTest,oracle_0_rerun
setPricesUnitTest,oracle_0_rerun
setPricesUnitTest,oracle_0_rerun
setPricesUnitTest,oracle_0_rerun
setPricesUnitTest,oracle_0_rerun
setPricesUnitTest,oracle_0_rerun
setPricesUnitTest,oracle_0_rerun
setPricesUnitTest,oracle_0_rerun
setPricesUnitTest,oracle_0_rerun
setPricesUnitTest,oracle_0_rerun
setPricesUnitTest,oracle_0_rerun
setPricesUnitTest,oracle_0_rerun
setPricesUnitTest,oracle_0_rerun
validatePricesUnitTest,oracle_0_rerun
validatePricesUnitTest,oracle_0_rerun
validatePricesUnitTest,oracle_0_rerun
validatePricesUnitTest,oracle_0_rerun
validatePricesUnitTest,oracle_0_rerun
validatePricesUnitTest,oracle_0_rerun
validatePricesUnitTest,oracle_0_rerun
validatePricesUnitTest,oracle_0_rerun
validatePricesUnitTest,oracle_0_rerun
validatePricesUnitTest,oracle_0_rerun
validatePricesUnitTest,oracle_0_rerun
validatePricesUnitTest,oracle_0_rerun
validatePricesUnitTest,oracle_0_rerun
validatePricesUnitTest,oracle_0_rerun
validatePricesUnitTest,oracle_0_rerun
validatePricesUnitTest,oracle_0_rerun
setPricesShouldRevert,oracle_0_rerun
setPricesShouldRevert,oracle_0_rerun
setPricesShouldRevert,oracle_0_rerun
setPricesShouldRevert,oracle_0_rerun
setPricesShouldRevert,oracle_0_rerun
setPricesShouldRevert,oracle_0_rerun
setPricesShouldRevert,oracle_0_rerun
setPricesShouldRevert,oracle_0_rerun
setPricesShouldRevert,oracle_0_rerun
setPricesShouldRevert,oracle_0_rerun
setPricesShouldRevert,oracle_0_rerun
setPricesShouldRevert,oracle_0_rerun
setPricesShouldRevert,oracle_0_rerun
setPricesShouldRevert,oracle_0_rerun
setPricesShouldRevert,oracle_0_rerun
setPricesShouldRevert,oracle_0_rerun
validateRefPriceShouldRevert,oracle_0_rerun
validateRefPriceShouldRevert,oracle_0_rerun
validateRefPriceShouldRevert,oracle_0_rerun
validateRefPriceShouldRevert,oracle_0_rerun
validateRefPriceShouldRevert,oracle_0_rerun
validateRefPriceShouldRevert,oracle_0_rerun
validateRefPriceShouldRevert,oracle_0_rerun
validateRefPriceShouldRevert,oracle_0_rerun
validateRefPriceShouldRevert,oracle_0_rerun
validateRefPriceShouldRevert,oracle_0_rerun
validateRefPriceShouldRevert,oracle_0_rerun
validateRefPriceShouldRevert,oracle_0_rerun
validateRefPriceShouldRevert,oracle_0_rerun
validateRefPriceShouldRevert,oracle_0_rerun
validateRefPriceShouldRevert,oracle_0_rerun
validateRefPriceShouldRevert,oracle_0_rerun
sanity_satisfy,oracle_0_rerun
sanity_satisfy,oracle_0_rerun
sanity_satisfy,oracle_0_rerun
sanity_satisfy,oracle_0_rerun
sanity_satisfy,oracle_0_rerun
sanity_satisfy,oracle_0_rerun
sanity_satisfy,oracle_0_rerun
sanity_satisfy,oracle_0_rerun
sanity_satisfy,oracle_0_rerun
sanity_satisfy,oracle_0_rerun
sanity_satisfy,oracle_0_rerun
sanity_satisfy,oracle_0_rerun
sanity_satisfy,oracle_0_rerun
sanity_satisfy,oracle_0_rerun
sanity_satisfy,oracle_0_rerun
sanity_satisfy,oracle_0_rerun
setPricesVerify,oracle_0_rerun
setPricesVerify,oracle_0_rerun
setPricesVerify,oracle_0_rerun
setPricesVerify,oracle_0_rerun
setPricesVerify,oracle_0_rerun
setPricesVerify,oracle_0_rerun
setPricesVerify,oracle_0_rerun
setPricesVerify,oracle_0_rerun
setPricesVerify,oracle_0_rerun
setPricesVerify,oracle_0_rerun
setPricesVerify,oracle_0_rerun
setPricesVerify,oracle_0_rerun
setPricesVerify,oracle_0_rerun
setPricesVerify,oracle_0_rerun
setPricesVerify,oracle_0_rerun
setPricesVerify,oracle_0_rerun
setPricesUnitTestMulti,oracle_0_rerun
setPricesUnitTestMulti,oracle_0_rerun
setPricesUnitTestMulti,oracle_0_rerun
setPricesUnitTestMulti,oracle_0_rerun
setPricesUnitTestMulti,oracle_0_rerun
setPricesUnitTestMulti,oracle_0_rerun
setPricesUnitTestMulti,oracle_0_rerun
setPricesUnitTestMulti,oracle_0_rerun
setPricesUnitTestMulti,oracle_0_rerun
setPricesUnitTestMulti,oracle_0_rerun
setPricesUnitTestMulti,oracle_0_rerun
setPricesUnitTestMulti,oracle_0_rerun
setPricesUnitTestMulti,oracle_0_rerun
setPricesUnitTestMulti,oracle_0_rerun
setPricesUnitTestMulti,oracle_0_rerun
setPricesUnitTestMulti,oracle_0_rerun
Aggregated,oracle
Aggregated,oracle
Aggregated,oracle
Aggregated,oracle
Aggregated,oracle
Aggregated,oracle
Aggregated,oracle
Aggregated,oracle
Aggregated,oracle
Aggregated,oracle
Aggregated,oracle
Aggregated,oracle
Aggregated,oracle
Aggregated,oracle
Aggregated,oracle
Aggregated,oracle
setPricesVerifyShouldRevert,oracle_0_rerun
setPricesUnitTest,oracle_0_rerun
setPricesUnitTest,oracle_0_rerun
setPricesUnitTest,oracle_0_rerun
setPricesUnitTest,oracle_0_rerun
setPricesUnitTest,oracle_0_rerun
setPricesUnitTest,oracle_0_rerun
setPricesUnitTest,oracle_0_rerun
setPricesUnitTest,oracle_0_rerun
setPricesUnitTest,oracle_0_rerun
setPricesUnitTest,oracle_0_rerun
setPricesUnitTest,oracle_0_rerun
setPricesUnitTest,oracle_0_rerun
setPricesUnitTest,oracle_0_rerun
setPricesUnitTest,oracle_0_rerun
setPricesUnitTest,oracle_0_rerun
setPricesUnitTest,oracle_0_rerun
validatePricesUnitTest,oracle_0_rerun
validatePricesUnitTest,oracle_0_rerun
validatePricesUnitTest,oracle_0_rerun
validatePricesUnitTest,oracle_0_rerun
validatePricesUnitTest,oracle_0_rerun
validatePricesUnitTest,oracle_0_rerun
validatePricesUnitTest,oracle_0_rerun
validatePricesUnitTest,oracle_0_rerun
validatePricesUnitTest,oracle_0_rerun
validatePricesUnitTest,oracle_0_rerun
validatePricesUnitTest,oracle_0_rerun
validatePricesUnitTest,oracle_0_rerun
validatePricesUnitTest,oracle_0_rerun
validatePricesUnitTest,oracle_0_rerun
validatePricesUnitTest,oracle_0_rerun
validatePricesUnitTest,oracle_0_rerun
setPricesShouldRevert,oracle_0_rerun
setPricesShouldRevert,oracle_0_rerun
setPricesShouldRevert,oracle_0_rerun
setPricesShouldRevert,oracle_0_rerun
setPricesShouldRevert,oracle_0_rerun
setPricesShouldRevert,oracle_0_rerun
setPricesShouldRevert,oracle_0_rerun
setPricesShouldRevert,oracle_0_rerun
setPricesShouldRevert,oracle_0_rerun
setPricesShouldRevert,oracle_0_rerun
setPricesShouldRevert,oracle_0_rerun
setPricesShouldRevert,oracle_0_rerun
setPricesShouldRevert,oracle_0_rerun
setPricesShouldRevert,oracle_0_rerun
setPricesShouldRevert,oracle_0_rerun
setPricesShouldRevert,oracle_0_rerun
validateRefPriceShouldRevert,oracle_0_rerun
validateRefPriceShouldRevert,oracle_0_rerun
validateRefPriceShouldRevert,oracle_0_rerun
validateRefPriceShouldRevert,oracle_0_rerun
validateRefPriceShouldRevert,oracle_0_rerun
validateRefPriceShouldRevert,oracle_0_rerun
validateRefPriceShouldRevert,oracle_0_rerun
validateRefPriceShouldRevert,oracle_0_rerun
validateRefPriceShouldRevert,oracle_0_rerun
validateRefPriceShouldRevert,oracle_0_rerun
validateRefPriceShouldRevert,oracle_0_rerun
validateRefPriceShouldRevert,oracle_0_rerun
validateRefPriceShouldRevert,oracle_0_rerun
validateRefPriceShouldRevert,oracle_0_rerun
validateRefPriceShouldRevert,oracle_0_rerun
validateRefPriceShouldRevert,oracle_0_rerun
sanity_satisfy,oracle_0_rerun
sanity_satisfy,oracle_0_rerun
sanity_satisfy,oracle_0_rerun
sanity_satisfy,oracle_0_rerun
sanity_satisfy,oracle_0_rerun
sanity_satisfy,oracle_0_rerun
sanity_satisfy,oracle_0_rerun
sanity_satisfy,oracle_0_rerun
sanity_satisfy,oracle_0_rerun
sanity_satisfy,oracle_0_rerun
sanity_satisfy,oracle_0_rerun
sanity_satisfy,oracle_0_rerun
sanity_satisfy,oracle_0_rerun
sanity_satisfy,oracle_0_rerun
sanity_satisfy,oracle_0_rerun
sanity_satisfy,oracle_0_rerun
setPricesVerify,oracle_0_rerun
setPricesVerify,oracle_0_rerun
setPricesVerify,oracle_0_rerun
setPricesVerify,oracle_0_rerun
setPricesVerify,oracle_0_rerun
setPricesVerify,oracle_0_rerun
setPricesVerify,oracle_0_rerun
setPricesVerify,oracle_0_rerun
setPricesVerify,oracle_0_rerun
setPricesVerify,oracle_0_rerun
setPricesVerify,oracle_0_rerun
setPricesVerify,oracle_0_rerun
setPricesVerify,oracle_0_rerun
setPricesVerify,oracle_0_rerun
setPricesVerify,oracle_0_rerun
setPricesVerify,oracle_0_rerun
setPricesUnitTestMulti,oracle_0_rerun
setPricesUnitTestMulti,oracle_0_rerun
setPricesUnitTestMulti,oracle_0_rerun
setPricesUnitTestMulti,oracle_0_rerun
setPricesUnitTestMulti,oracle_0_rerun
setPricesUnitTestMulti,oracle_0_rerun
setPricesUnitTestMulti,oracle_0_rerun
setPricesUnitTestMulti,oracle_0_rerun
setPricesUnitTestMulti,oracle_0_rerun
setPricesUnitTestMulti,oracle_0_rerun
setPricesUnitTestMulti,oracle_0_rerun
setPricesUnitTestMulti,oracle_0_rerun
setPricesUnitTestMulti,oracle_0_rerun
setPricesUnitTestMulti,oracle_0_rerun
setPricesUnitTestMulti,oracle_0_rerun
setPricesUnitTestMulti,oracle_0_rerun
Aggregated,oracle
Aggregated,oracle
Aggregated,oracle
Aggregated,oracle
Aggregated,oracle
Aggregated,oracle
Aggregated,oracle
Aggregated,oracle
Aggregated,oracle
Aggregated,oracle
Aggregated,oracle
Aggregated,oracle
Aggregated,oracle
Aggregated,oracle
Aggregated,oracle
Aggregated,oracle
